Nacionalidad;Continente;ene-09;feb-09;mar-09;abr-09;may-09;jun-09;jul-09;ago-09;sept-09;oct-09;nov-09;dic-09;ene-10;feb-10;mar-10;abr-10;may-10;jun-10;jul-10;ago-10;sept-10;oct-10;nov-10;dic-10;ene-11;feb-11;mar-11;abr-11;may-11;jun-11;jul-11;ago-11;sept-11;oct-11;nov-11;dic-11;ene-12;feb-12;mar-12;abr-12;may-12;jun-12;jul-12;ago-12;sept-12;oct-12;nov-12;dic-12;ene-13;feb-13;mar-13;abr-13;may-13;jun-13;jul-13;ago-13;sept-13;oct-13;nov-13;dic-13;ene-14;feb-14;mar-14;abr-14;may-14;jun-14;jul-14;ago-14;sept-14;oct-14;nov-14;dic-14;ene-15;feb-15;mar-15;abr-15;may-15;jun-15;jul-15;ago-15;sept-15;oct-15;nov-15;dic-15;ene-16;feb-16;mar-16;abr-16;may-16;jun-16;jul-16;ago-16;sept-16;oct-16;nov-16;dic-16;ene-17;feb-17;mar-17;abr-17;may-17;jun-17;jul-17;ago-17;sept-17;oct-17;nov-17;dic-17;ene-18;feb-18;mar-18;abr-18;may-18;jun-18;jul-18;ago-18;sept-18;oct-18;nov-18;dic-18;ene-19;feb-19;mar-19;abr-19;may-19;jun-19;jul-19;ago-19;sept-19;oct-19;nov-19;dic-19;ene-20;feb-20;mar-20;abr-20;may-20;jun-20;jul-20;ago-20;sept-20;oct-20;nov-20;dic-20;ene-21;feb-21;mar-21;abr-21;may-21;jun-21;jul-21;ago-21;sept-21;oct-21;nov-21;dic-21;ene-22;feb-22;mar-22;abr-22;may-22;jun-22;jul-22;ago-22;sept-22;oct-22;nov-22;dic-22;ene-23;feb-23;mar-23;abr-23;may-23;jun-23;jul-23;ago-23;sept-23;oct-23;nov-23;dic-23;ene-24;feb-24;mar-24;abr-24;may-24;jun-24;jul-24;ago-24;sept-24;oct-24;nov-24;dic-24;ene-25;feb-25;mar-25;abr-25
ANGOLA;AFRICA;6;4;3;4;0;4;3;3;3;16;10;3;2;3;0;2;1;3;1;0;0;8;0;8;2;6;2;0;1;5;4;0;6;14;9;3;3;3;1;4;0;0;5;0;3;10;13;2;2;1;0;23;2;2;5;3;5;17;19;17;8;0;2;4;1;8;10;0;0;1;1;2;1;1;2;0;20;0;3;1;4;9;4;5;2;2;6;1;1;9;5;1;2;2;14;3;3;4;2;1;0;0;0;3;2;1;1;5;2;1;1;4;0;2;2;0;9;1;3;3;4;0;3;0;4;3;2;1;3;23;3;1;6;2;0;0;0;0;0;0;0;0;0;0;1;0;0;0;0;0;0;0;0;0;0;0;1;0;0;0;1;0;1;0;2;3;5;2;15;1;2;9;5;2;0;2;2;9;1;2;1;1;0;2;2;1;0;3;1;20;2;1;3;0;1;3
ARGELIA;AFRICA;1;4;22;18;4;36;50;2;1;2;8;3;4;10;1;0;4;1;3;1;2;1;4;45;0;16;11;1;4;0;1;1;1;5;4;11;144;0;3;1;30;2;0;40;18;2;12;10;1;3;7;11;4;1;6;5;3;9;0;3;6;12;38;6;28;0;1;17;4;3;4;3;3;2;0;0;0;0;0;3;2;17;9;12;3;2;7;1;3;2;2;3;2;1;13;14;6;6;2;3;3;2;3;15;4;4;2;5;1;5;3;1;2;0;4;4;7;3;4;11;199;3;4;5;1;1;1;0;2;24;0;1;1;4;0;0;0;0;0;0;0;0;0;0;1;0;0;0;0;0;0;0;0;0;0;0;2;2;1;0;0;4;1;0;0;2;2;2;1;4;4;5;4;2;1;14;8;6;4;5;4;3;3;3;0;1;1;2;0;3;0;3;6;1;1;2
CABO VERDE;AFRICA;0;3;0;1;8;0;2;0;0;0;1;3;0;0;0;1;3;0;0;1;0;2;0;1;1;0;2;0;0;0;0;6;0;0;0;0;2;1;0;0;0;2;0;1;3;0;3;0;0;0;0;1;0;1;0;0;1;3;1;0;0;0;2;0;0;0;0;0;0;0;7;6;0;0;0;0;0;0;0;0;3;0;0;10;0;4;0;1;1;3;1;0;1;1;0;3;0;0;1;4;3;0;1;1;0;0;1;1;1;0;4;0;0;0;0;5;5;0;1;0;3;0;0;0;0;3;1;0;5;1;1;2;1;0;0;0;0;0;0;0;0;0;0;0;0;0;0;0;0;0;0;0;0;0;0;0;0;0;0;0;0;0;0;0;0;0;0;1;2;0;0;0;0;0;0;0;0;0;1;1;1;0;1;0;0;1;0;0;0;0;0;0;0;0;1;0
EGIPTO;AFRICA;12;8;3;0;11;3;2;5;3;2;12;9;10;3;4;7;10;9;5;5;6;6;9;9;9;8;7;9;5;8;19;2;6;9;26;9;11;7;10;19;8;9;9;6;8;9;16;20;13;28;7;7;9;8;20;4;8;10;10;3;18;13;8;8;54;8;11;4;8;11;8;12;20;14;13;7;3;15;11;19;11;46;17;14;15;8;14;12;11;2;9;5;33;12;18;18;11;7;16;8;7;8;8;17;7;14;20;23;15;23;12;10;23;9;15;21;27;17;14;18;10;10;31;17;16;12;6;12;20;78;14;12;17;7;6;0;0;0;0;0;0;0;2;0;0;1;0;0;0;0;0;0;0;1;1;4;0;4;3;2;8;0;4;4;4;3;7;5;4;2;4;8;5;6;9;0;11;12;16;9;3;8;8;8;8;6;7;8;7;9;10;14;10;7;6;9
GHANA;AFRICA;0;0;0;0;0;0;1;0;2;7;5;2;2;1;3;1;1;7;3;5;2;12;8;2;0;0;1;3;0;3;2;1;4;3;4;3;9;1;2;5;0;2;7;2;1;4;5;1;2;1;5;6;5;1;7;2;4;2;3;3;4;0;6;5;4;2;3;0;7;13;3;1;2;1;0;1;2;0;2;0;0;3;1;2;3;3;2;1;1;3;1;2;8;6;9;3;2;1;2;4;3;1;1;5;5;1;8;6;2;0;2;3;9;2;1;2;0;3;2;4;9;2;3;8;11;2;2;0;2;5;1;2;2;0;0;0;0;0;0;0;0;0;0;0;0;0;1;0;0;0;0;0;0;0;0;0;0;0;0;0;0;0;1;3;0;2;13;2;3;2;2;5;2;3;0;2;2;14;8;6;6;14;3;10;7;7;5;12;1;2;1;5;1;1;3;0
KENIA;AFRICA;8;3;15;2;4;1;5;2;5;3;5;10;5;0;2;8;5;3;1;2;1;4;7;15;3;2;8;15;3;1;2;3;2;1;4;6;5;3;11;7;3;0;5;1;2;7;3;7;5;2;3;24;3;5;1;3;3;5;8;2;8;0;5;11;4;3;3;5;3;7;4;10;2;2;9;6;3;3;1;5;8;9;3;2;4;2;18;5;8;15;4;5;4;6;6;2;0;0;11;6;6;5;4;4;3;5;10;9;5;4;3;15;1;9;2;4;4;8;13;4;3;4;11;13;10;4;2;1;1;20;10;6;9;3;2;0;0;0;0;0;0;0;0;0;0;0;0;0;0;0;0;0;0;0;2;0;1;0;0;1;4;1;1;20;1;3;13;9;1;3;8;1;8;1;1;1;8;3;4;7;3;3;4;13;3;2;4;2;2;1;5;5;4;0;5;3
LIBIA;AFRICA;1;0;1;0;0;3;0;0;0;0;0;0;0;0;0;0;0;0;0;0;2;1;1;0;0;0;0;0;0;1;0;0;0;2;0;0;2;0;0;0;2;1;0;1;0;0;4;2;1;0;0;0;0;0;0;0;0;0;0;0;0;0;0;0;4;1;1;1;1;3;0;2;1;1;0;0;0;1;0;0;0;1;0;0;0;1;0;2;0;0;6;0;0;0;0;1;1;1;0;0;0;0;0;0;0;0;0;2;0;0;0;0;0;1;0;0;0;1;0;0;0;0;2;0;0;0;0;0;0;0;0;0;0;0;0;0;0;0;0;0;0;0;0;0;0;0;0;0;0;0;0;0;0;0;0;0;0;0;0;0;0;0;0;0;0;0;0;0;0;0;0;0;0;0;0;0;1;0;0;0;1;0;0;0;0;0;0;0;0;0;0;1;0;1;0;0
MARRUECOS;AFRICA;10;18;19;14;4;7;8;5;5;13;6;12;10;10;9;10;5;9;6;5;5;10;37;29;10;6;13;16;6;2;9;3;9;7;20;17;8;6;15;32;12;6;7;20;15;12;8;8;12;9;7;3;10;6;6;4;7;14;19;21;32;14;21;16;7;15;8;18;6;25;6;12;13;12;18;10;10;18;10;12;7;25;9;14;17;14;9;14;11;13;37;11;7;18;9;39;33;21;12;14;10;7;17;22;24;29;12;35;13;11;23;17;8;15;6;23;17;76;25;17;17;14;13;9;14;11;15;11;23;51;13;32;10;5;4;0;0;0;0;0;0;0;1;2;0;1;0;0;0;0;0;0;0;1;1;1;4;2;4;5;7;12;3;5;4;10;7;18;16;8;15;10;17;2;9;9;7;3;9;20;15;17;16;22;14;6;1;15;9;8;52;17;19;20;4;17
NIGERIA;AFRICA;2;6;3;2;5;1;3;0;10;6;2;0;11;7;3;4;4;5;0;4;6;10;2;33;1;4;4;1;20;1;1;2;1;21;4;4;5;3;6;8;4;13;4;3;4;12;27;3;3;1;4;1;2;0;9;3;6;3;4;1;2;2;4;11;16;0;1;3;8;3;4;3;4;4;4;4;3;1;5;5;8;39;6;5;7;16;6;3;2;6;1;1;3;3;3;0;7;4;8;3;8;2;4;6;7;8;2;2;7;3;9;4;9;6;0;3;5;2;8;6;6;2;28;8;5;4;4;6;4;31;5;3;9;4;2;0;0;0;0;0;0;0;0;0;0;0;0;0;0;0;0;0;0;1;0;8;0;0;6;2;0;2;2;10;0;3;12;1;3;6;4;8;2;1;4;6;1;3;2;5;6;2;5;6;5;4;6;2;2;3;2;3;7;4;5;0
SOMALIA;AFRICA;0;0;0;0;0;0;0;0;0;0;0;0;0;0;0;0;0;0;0;0;0;0;0;0;0;0;0;0;0;0;0;0;0;0;1;0;0;0;0;0;0;0;0;0;0;0;0;0;0;0;0;0;0;0;0;0;0;0;0;0;0;0;0;0;0;1;0;0;0;0;0;0;0;0;0;0;0;0;0;0;0;0;0;0;0;0;0;0;0;0;0;0;0;0;0;0;0;0;0;0;0;0;0;0;0;1;0;0;0;0;1;0;0;1;0;0;0;0;0;0;0;0;0;0;0;1;0;0;0;0;0;0;0;0;0;0;0;0;0;0;0;0;0;0;0;0;0;0;0;0;0;0;0;0;0;0;0;0;0;1;0;2;2;4;2;0;0;0;0;3;1;4;2;0;0;4;0;1;0;0;0;0;0;1;0;0;0;0;0;0;0;0;0;0;0;0
SUDAFRICA;AFRICA;300;183;263;397;185;147;216;149;184;330;307;335;333;187;291;264;149;125;142;192;220;419;289;405;319;297;330;280;192;167;174;226;289;338;359;421;349;223;363;291;203;210;176;251;230;253;321;322;318;204;326;248;193;180;178;176;245;281;278;378;252;187;267;261;183;158;107;172;153;290;272;261;267;166;260;269;194;159;120;173;152;305;323;391;207;181;212;251;148;134;157;153;161;245;298;390;281;191;270;249;186;197;191;239;242;292;312;466;273;231;309;336;205;216;206;209;209;434;365;453;392;265;322;300;225;212;208;243;303;371;320;446;304;210;132;0;0;0;0;0;0;0;2;14;16;6;19;0;0;0;0;0;0;9;30;15;15;19;58;64;53;72;77;98;145;145;201;175;194;154;180;219;129;96;97;112;140;189;273;342;291;211;275;246;172;117;153;185;158;307;303;331;235;208;302;248
TUNEZ;AFRICA;1;12;2;1;1;1;1;1;2;0;4;1;2;2;3;4;5;1;1;2;2;1;2;0;1;2;3;1;0;0;1;1;0;4;2;10;5;4;43;3;3;1;1;2;3;1;3;3;6;3;1;3;3;2;12;0;3;4;7;5;4;4;7;4;2;7;4;2;6;1;4;2;6;2;8;1;7;5;5;5;9;35;19;15;3;4;6;19;11;10;8;7;8;11;18;10;8;7;14;6;8;4;8;15;8;6;9;12;10;4;2;5;2;3;4;4;1;4;5;9;4;1;5;3;11;6;6;5;7;19;6;7;12;6;0;0;0;0;0;0;0;0;0;0;0;0;0;0;0;0;0;0;0;0;0;2;0;3;2;4;0;0;0;3;0;0;7;2;5;2;5;1;1;2;1;1;1;0;2;3;4;5;2;45;3;1;0;4;3;0;3;1;3;1;1;3
ZAIRE;AFRICA;0;0;0;0;0;0;0;0;0;0;0;0;0;0;0;0;0;0;0;0;0;0;0;0;0;0;0;0;0;0;0;0;0;0;0;0;0;0;0;0;0;0;0;0;0;0;0;0;0;0;0;0;0;0;0;0;0;0;0;0;0;0;0;0;0;0;0;0;0;0;0;0;0;0;0;0;0;0;0;0;0;0;0;0;0;0;0;0;0;0;0;0;0;0;0;0;0;0;0;0;0;0;0;0;0;0;0;0;0;0;0;0;0;0;0;0;0;0;0;0;0;0;0;0;0;0;0;0;0;0;0;0;0;0;0;0;0;0;0;0;0;0;0;0;0;0;0;0;0;0;0;0;0;0;0;0;0;0;0;0;0;0;0;0;0;0;0;0;0;0;0;0;0;0;0;0;0;0;0;0;0;0;0;0;0;0;0;0;0;0;0;0;0;0;0;0
ZIMBABWE;AFRICA;2;1;0;0;2;2;0;4;8;7;41;2;6;2;3;24;14;4;1;1;1;12;0;0;0;3;10;3;1;2;0;1;5;1;4;0;0;3;5;3;3;0;1;2;0;4;2;3;34;0;5;0;2;2;1;2;3;3;2;1;1;4;1;3;5;3;1;0;2;10;6;1;71;0;4;32;34;5;1;4;66;4;5;61;16;7;31;2;1;1;2;3;5;4;33;3;1;2;2;5;4;5;93;2;93;5;5;4;4;1;5;2;1;89;9;2;25;35;7;3;9;1;2;5;5;3;1;1;81;7;2;2;3;16;1;0;0;0;0;0;0;0;0;0;0;0;0;0;0;0;0;0;0;0;0;0;0;0;0;0;0;0;1;18;0;0;4;2;1;1;2;1;0;0;2;0;7;4;37;3;1;2;5;6;4;1;0;1;6;8;4;5;4;1;3;1
O. AFRICA;AFRICA;34;20;24;44;53;14;21;20;23;25;42;13;28;11;12;22;112;66;13;14;29;30;36;39;39;18;42;32;17;18;10;8;37;21;37;28;34;17;16;61;18;18;15;15;40;20;68;29;54;25;78;47;53;22;27;19;55;80;35;27;39;64;41;56;49;23;35;25;12;68;38;44;27;33;29;34;24;12;33;20;19;231;38;32;28;87;38;62;22;34;24;19;31;73;88;52;49;32;36;34;74;36;51;44;42;90;83;55;39;61;48;37;50;37;40;46;62;62;32;47;46;35;52;46;34;43;37;17;29;138;22;36;47;47;23;0;0;0;0;0;0;0;31;4;1;4;3;0;0;0;0;0;0;3;1;3;4;12;6;3;9;6;17;28;13;23;44;20;19;30;83;25;19;39;15;53;58;40;73;54;30;29;27;49;35;23;44;41;31;36;40;48;59;30;40;39
BELICE;AMERICA CENTRAL;2;4;6;2;2;0;4;2;6;23;4;4;1;3;1;5;1;4;2;2;3;8;4;3;3;2;1;9;4;6;4;2;4;6;4;4;10;6;10;5;4;4;6;2;7;10;7;8;5;2;6;7;0;2;4;5;4;4;9;6;11;8;8;5;7;4;13;5;7;14;7;17;6;8;12;2;7;3;9;7;11;19;4;19;18;8;20;8;12;8;20;13;16;27;17;24;36;26;8;15;13;3;20;18;25;20;15;17;21;25;12;9;12;10;9;8;12;12;17;23;14;7;10;17;12;17;4;14;11;10;15;17;13;17;2;0;0;0;0;0;0;0;0;1;2;0;0;0;0;0;0;0;0;0;0;4;0;1;0;0;4;4;9;9;2;15;10;19;24;3;16;24;10;9;7;7;8;31;16;13;20;17;14;20;11;9;5;23;13;28;19;27;25;25;20;9
COSTA RICA;AMERICA CENTRAL;546;223;308;337;298;247;238;235;415;445;407;422;665;192;322;247;223;205;179;229;409;449;446;515;630;340;403;449;264;213;342;286;394;537;451;573;647;340;614;451;404;237;390;321;393;619;511;708;1.004;448;568;436;286;381;368;393;436;452;463;677;837;450;456;647;325;326;430;399;383;679;637;709;1.061;489;554;549;380;359;420;404;468;688;631;867;959;526;746;551;510;327;606;415;501;698;776;921;1.027;343;556;808;499;454;726;741;623;671;722;803;1.168;472;866;744;532;571;794;710;764;937;1.104;1.315;1.143;464;914;1.284;643;867;803;634;832;803;638;1.073;1.128;444;261;0;0;0;0;0;0;0;17;119;53;38;36;0;0;0;0;0;0;50;63;171;166;114;208;416;326;285;752;548;608;853;871;1.100;1.357;482;913;1.383;561;476;1.014;769;812;1.143;1.115;1.348;1.525;500;1.314;1.085;760;788;1.232;1.079;1.060;1.471;1.408;1.671;1.954;775;1.202;1.727
EL SALVADOR;AMERICA CENTRAL;115;93;134;155;115;126;88;122;135;227;251;159;116;78;79;126;109;103;94;102;191;167;218;157;84;69;159;170;80;112;139;109;175;293;199;126;120;91;201;123;141;141;134;114;176;209;221;138;157;86;188;200;139;186;123;163;148;171;203;195;102;85;142;160;130;90;135;173;184;203;176;222;213;107;179;142;112;197;168;205;206;314;213;199;149;100;228;195;136;161;186;188;227;326;403;215;153;100;255;253;221;175;191;246;219;300;268;275;178;112;255;232;130;181;192;195;225;266;316;265;158;83;244;195;191;144;189;229;230;283;212;277;182;133;72;0;0;0;0;0;0;0;15;41;38;19;21;0;0;0;0;0;0;19;29;66;41;39;89;159;101;130;116;207;249;218;331;269;214;124;209;282;256;192;246;314;253;431;416;310;153;132;334;238;240;192;310;359;288;374;393;342;247;141;298;331
GUATEMALA;AMERICA CENTRAL;220;123;176;137;143;190;110;145;168;244;283;201;139;102;80;186;160;148;123;113;207;183;297;214;131;131;187;159;113;149;168;125;209;266;270;250;197;117;243;244;188;176;149;163;169;246;323;205;189;111;229;157;146;164;175;201;224;243;346;299;226;103;173;172;157;201;203;145;230;258;274;285;182;156;219;217;234;206;232;214;265;372;312;307;211;161;216;195;175;214;247;189;235;309;410;449;238;157;322;239;213;219;241;325;232;349;397;423;214;148;270;237;150;220;184;249;277;387;454;376;218;181;279;259;259;294;219;292;319;429;307;361;252;157;85;0;0;0;0;0;0;0;7;38;22;14;11;0;0;0;0;0;0;21;55;78;67;45;115;209;154;148;144;171;193;244;339;392;248;173;246;291;202;247;175;363;304;724;609;538;314;203;477;493;369;403;376;436;457;641;633;650;413;193;413;361
HONDURAS;AMERICA CENTRAL;83;58;84;58;70;62;52;67;63;88;71;85;74;43;62;63;62;95;59;57;77;120;113;101;69;59;82;121;102;90;65;55;93;134;131;95;108;90;120;130;57;124;77;68;94;95;171;138;127;81;177;116;96;129;102;81;66;109;120;135;103;99;87;98;94;83;84;77;107;128;142;170;115;97;152;86;107;170;76;101;121;204;131;122;105;57;133;119;76;105;95;84;119;173;139;166;127;83;156;127;96;119;92;160;102;165;112;210;152;128;181;133;85;120;120;129;146;145;194;255;103;89;145;160;126;148;127;130;131;177;137;165;156;85;56;0;0;0;0;0;0;0;11;46;31;24;16;0;0;0;0;0;0;16;38;47;31;46;54;68;61;74;60;127;119;128;148;178;162;108;151;195;152;139;137;169;200;411;236;227;156;80;201;295;157;174;169;218;215;375;328;279;175;106;258;235
NICARAGUA;AMERICA CENTRAL;74;50;57;75;61;40;40;40;75;70;72;53;51;29;66;62;52;40;41;45;92;66;84;68;50;35;52;61;47;42;24;41;87;82;73;47;46;45;74;64;69;60;32;47;57;72;103;62;83;36;64;51;39;53;57;79;61;72;77;55;42;27;50;59;52;52;50;59;51;112;71;68;63;32;92;66;44;57;45;64;69;145;53;70;51;44;81;62;48;57;55;59;63;73;109;81;64;53;98;88;68;70;69;83;92;105;107;79;59;53;103;110;66;92;106;111;92;81;121;93;87;71;96;125;70;83;92;67;96;73;71;84;84;46;29;0;0;0;0;0;0;0;3;8;7;13;24;0;0;0;0;0;0;6;15;42;24;9;27;39;27;34;37;48;43;67;88;78;62;35;61;56;49;64;75;85;68;147;99;99;78;56;86;79;84;56;96;70;112;131;91;110;69;47;96;55
PANAMA;AMERICA CENTRAL;317;206;293;220;191;180;217;308;255;384;285;233;336;197;184;228;214;206;177;212;272;330;355;232;255;170;310;242;208;189;189;237;313;286;351;286;275;253;402;274;276;216;269;282;283;301;363;390;359;198;326;299;254;258;216;328;331;361;398;337;333;239;374;298;326;207;265;310;371;315;366;410;363;263;339;353;345;457;375;388;332;579;464;370;375;297;363;333;231;267;333;276;378;501;608;365;334;311;402;492;287;314;339;1.083;466;514;520;499;420;317;306;438;316;336;315;347;454;431;531;501;345;262;405;338;342;334;362;442;381;473;268;391;335;236;146;0;0;0;0;0;0;0;15;44;43;20;45;0;0;0;0;0;0;35;54;92;78;59;107;182;164;282;216;267;271;360;429;395;428;316;298;396;283;282;383;413;335;659;501;429;432;299;310;370;343;358;494;513;504;593;646;524;451;283;469;378
CANADA;AMERICA DEL NORTE;5.552;4.915;4.110;2.203;1.528;1.287;1.576;1.791;1.641;1.970;3.126;4.875;5.434;3.918;3.062;2.009;1.591;1.146;1.360;1.661;1.904;2.232;3.310;4.762;5.646;4.835;3.725;2.369;1.753;1.305;1.518;1.725;1.733;2.163;3.267;4.258;5.722;4.825;4.375;2.290;1.736;1.226;1.405;1.664;1.528;2.383;3.565;4.531;4.809;4.489;3.896;1.895;1.305;1.073;1.111;1.600;1.344;1.910;3.250;4.052;4.652;3.591;3.719;2.147;1.348;1.056;1.220;1.609;1.521;2.151;3.243;4.434;4.707;3.834;3.785;2.293;1.710;1.250;1.228;1.976;1.726;2.666;4.210;4.530;5.923;4.956;4.321;2.609;1.757;1.159;1.551;1.936;1.709;2.755;4.012;5.700;6.398;4.891;4.359;2.596;1.827;1.220;1.546;2.572;1.715;2.674;4.037;5.804;6.507;5.497;4.806;2.794;1.850;1.294;1.674;2.080;2.072;2.841;4.783;6.683;6.959;5.590;6.320;2.674;1.939;1.663;1.595;2.167;1.970;2.990;3.967;5.495;6.178;4.503;2.127;0;0;0;0;0;0;0;64;237;159;67;65;0;0;0;0;0;0;183;453;936;969;819;1.056;949;888;596;929;1.254;1.470;2.442;3.966;4.994;5.704;4.874;4.577;2.440;1.530;1.102;1.480;2.219;2.103;4.171;5.896;6.412;6.031;6.151;5.971;2.815;1.465;999;1.267;1.720;1.833;3.106;5.649;6.153;6.349;6.196;5.523;2.319
ESTADOS UNIDOS;AMERICA DEL NORTE;21.823;17.951;19.421;12.071;8.915;7.809;9.200;8.722;8.573;11.133;15.925;21.150;18.835;12.104;13.665;9.582;8.766;7.918;8.792;9.223;8.599;11.524;15.148;18.781;19.911;16.702;17.281;11.075;8.852;8.321;8.822;8.538;8.251;11.333;14.964;18.396;19.527;16.378;19.142;11.167;8.762;8.879;9.293;9.400;8.597;11.416;15.327;20.605;18.392;16.346;19.248;10.864;8.423;8.150;8.383;9.600;8.329;11.438;14.719;20.312;18.898;15.426;19.495;10.842;9.190;8.886;9.568;10.037;9.101;12.486;14.857;23.580;21.349;15.912;20.099;11.953;10.294;11.543;10.139;11.358;10.917;15.041;19.196;28.812;25.372;21.288;25.214;14.025;10.958;10.408;11.521;11.839;11.027;15.382;19.743;31.846;25.839;19.966;23.504;14.696;11.436;10.401;11.638;14.281;10.688;15.707;21.196;32.366;26.731;21.698;25.928;14.993;11.248;10.537;11.221;12.708;11.325;16.595;24.602;34.769;29.173;22.839;28.821;15.084;11.645;16.306;12.268;12.352;10.813;14.829;18.149;32.462;27.310;20.969;10.664;0;0;0;0;0;0;0;0.474;2.628;1.381;1.166;1.373;0;0;0;0;0;0;0.822;3.480;9.390;6.933;6.572;8.348;6.737;5.728;6.044;7.415;8.501;8.942;13.514;22.934;33.753;29.785;25.885;26.959;13.817;10.057;10.057;11.358;12.318;11.978;20.742;27.272;35.956;30.822;28.704;31.239;15.983;10.396;10.258;11.218;13.792;13.364;19.011;27.827;38.956;31.351;27.664;29.915;14.111
MEXICO;AMERICA DEL NORTE;2.697;1.692;2.460;2.247;1.458;1.683;2.242;2.106;2.062;2.632;3.162;4.270;2.822;1.644;1.703;1.989;1.802;1.732;2.287;2.368;2.227;3.178;3.410;3.845;2.987;2.003;2.912;3.023;2.325;2.304;3.395;2.486;2.534;3.312;3.609;4.057;3.427;2.241;3.231;2.918;2.559;2.306;3.141;2.766;2.319;3.249;3.802;4.237;3.603;2.604;3.426;2.887;2.638;2.477;3.058;2.636;2.895;3.725;3.775;4.777;3.534;2.914;3.443;3.269;2.737;2.796;3.431;2.979;2.672;3.892;4.049;5.212;3.505;2.162;3.527;3.285;2.796;5.486;3.791;3.258;3.215;3.987;4.423;5.881;3.717;2.550;4.106;2.787;2.833;2.798;3.937;3.456;3.408;4.138;4.761;6.045;4.026;2.501;3.848;3.949;3.316;2.899;4.438;4.860;3.394;4.144;4.749;5.927;3.969;2.608;4.704;4.017;3.135;3.262;4.645;3.603;3.872;4.543;5.362;6.450;4.447;2.817;4.196;4.733;3.770;3.522;4.784;3.996;4.113;4.403;3.866;5.342;4.169;2.304;1.724;0;0;0;0;0;0;0;168;631;444;300;382;0;0;0;0;0;0;252;757;946;850;724;1.399;2.052;2.052;2.001;2.631;3.208;2.911;3.974;4.424;4.749;3.855;3.083;3.823;3.735;3.019;2.498;3.519;3.982;3.360;6.376;6.493;6.862;5.181;3.435;6.475;5.700;3.388;2.854;5.137;4.454;4.141;5.862;7.380;6.784;5.433;4.028;4.813;4.499
O. AMERICA DEL NORTE;AMERICA DEL NORTE;0;1;2;5;0;0;1;2;3;3;4;3;0;0;0;2;1;0;0;3;1;1;2;3;4;2;4;0;1;1;0;3;0;0;1;0;2;1;1;1;0;0;2;1;0;1;0;0;0;0;0;0;0;0;0;0;0;0;0;0;0;0;0;0;0;0;0;0;0;0;0;0;0;0;0;0;0;0;0;0;0;0;0;0;0;0;0;1;1;1;0;1;1;2;2;1;0;1;2;1;1;0;3;1;1;1;1;3;0;0;0;0;0;0;0;0;0;0;0;0;0;0;0;0;0;0;0;0;0;0;0;0;0;0;0;0;0;0;0;0;0;0;0;0;0;0;0;0;0;0;0;0;0;0;0;0;0;0;0;0;0;0;0;0;0;0;0;0;0;0;0;0;0;0;0;0;0;0;0;0;0;0;0;0;0;0;0;0;0;0;0;0;0;0;0;0
ARGENTINA;AMERICA DEL SUR;223.216;133.326;77.149;84.604;49.908;30.325;47.337;44.334;53.670;70.647;67.662;114.635;219.366;125.403;54.514;62.884;59.133;37.396;56.402;56.977;62.468;79.786;77.101;109.695;200.415;125.252;111.612;82.463;57.336;40.896;56.419;51.764;70.064;87.911;94.627;140.008;251.062;186.471;101.880;117.584;72.803;48.243;83.507;84.251;86.852;95.162;103.601;146.229;235.644;150.403;149.602;86.644;66.680;59.256;86.801;83.660;81.836;112.011;112.349;137.866;237.253;146.589;125.954;89.766;76.129;48.706;75.302;76.526;73.095;104.175;103.628;168.380;279.798;219.889;161.426;132.478;109.423;98.167;120.851;104.580;120.135;150.651;172.719;276.759;444.062;361.207;270.110;178.370;142.148;124.442;204.247;165.171;202.864;231.722;225.712;350.654;647.955;464.664;273.083;251.266;172.919;130.277;224.896;173.472;205.592;215.627;230.973;333.047;532.043;397.664;284.310;201.948;138.282;73.543;141.010;108.318;111.942;112.482;132.106;188.587;269.245;181.507;156.007;120.809;83.091;67.628;109.673;78.373;82.051;92.253;76.197;118.633;194.314;169.187;46.734;0;0;0;0;0;0;0;0.830;3.392;2.572;1.999;2.036;0;0;0;0;0;0;1.243;3.644;9.418;22.622;21.315;17.726;24.514;37.194;35.503;41.779;45.073;73.304;98.210;93.815;141.042;239.268;155.694;102.093;95.876;74.873;49.798;58.865;51.583;63.106;93.412;90.237;130.857;205.678;169.192;185.408;185.848;151.700;81.761;151.222;109.500;139.521;195.041;208.309;305.209;517.976;393.021;284.115;257.386
BOLIVIA;AMERICA DEL SUR;31.915;22.938;24.684;22.495;22.027;24.830;26.388;22.603;24.451;25.911;24.518;36.641;37.041;22.295;23.186;20.989;23.518;24.247;26.490;22.213;22.720;24.329;26.567;33.880;40.619;22.458;26.435;23.177;26.544;25.446;26.805;22.869;22.289;24.202;24.653;35.991;37.861;26.012;27.508;24.890;26.909;27.877;33.624;29.303;26.480;28.394;27.409;39.491;47.493;28.672;30.477;29.040;27.136;27.385;34.027;27.247;28.847;29.013;29.536;44.892;49.996;35.448;33.416;23.643;30.416;29.445;36.976;26.378;27.351;28.731;30.210;43.325;53.294;30.502;30.212;30.435;27.788;30.181;39.890;31.939;29.697;31.094;32.384;52.406;54.159;31.391;34.373;30.017;30.871;29.474;42.858;30.916;30.900;32.062;30.711;59.422;58.872;35.944;35.886;32.145;29.048;29.532;42.669;46.774;34.177;35.501;36.811;62.331;65.063;39.532;37.311;31.895;35.056;49.688;48.596;40.465;33.833;38.317;62.373;59.165;69.437;29.318;36.635;33.245;32.033;37.002;50.397;37.423;30.241;26.203;20.428;65.337;72.562;39.915;19.749;0;0;0;0;0;0;0;0.272;0.928;0.485;0.647;0.780;0;0;0;0;0;0;0.314;0.572;0.855;0.630;0.789;1.107;1.191;11.289;12.779;19.187;16.421;16.152;17.039;17.865;31.227;33.896;21.187;23.000;20.983;21.947;24.163;32.164;27.966;29.648;33.186;33.287;46.149;44.753;31.504;30.378;29.636;28.185;30.852;42.202;38.663;41.611;41.670;50.281;58.946;63.099;45.395;39.365;35.289
BRASIL;AMERICA DEL SUR;25.023;17.071;12.310;16.901;14.761;20.265;19.439;12.459;15.004;16.836;16.420;22.996;30.288;17.469;6.344;9.071;9.556;13.222;30.564;22.283;22.920;23.170;18.018;26.432;31.231;14.620;24.999;21.061;18.428;26.150;49.691;34.302;31.287;24.767;20.188;27.870;36.277;26.157;23.037;25.365;27.416;35.122;49.202;40.010;29.967;26.337;25.807;29.143;34.644;23.718;24.920;26.497;27.043;29.777;42.328;41.234;29.166;29.024;22.737;31.074;32.456;17.254;22.677;26.279;24.293;25.308;52.609;47.034;40.572;38.996;31.168;49.094;47.627;30.046;26.289;32.175;26.925;39.251;62.178;47.201;37.242;35.384;28.528;43.119;38.143;22.554;25.143;28.217;28.708;38.595;60.674;50.283;42.184;35.819;29.319;39.276;41.229;26.062;28.894;30.522;29.273;44.386;80.131;76.480;52.892;46.002;40.048;48.938;50.413;32.151;33.475;41.351;36.460;49.441;80.129;79.759;51.147;41.121;42.032;51.693;49.959;24.947;41.698;38.586;36.172;50.354;85.351;73.170;42.296;33.537;28.079;37.945;38.359;22.113;14.203;0;0;0;0;0;0;0;0.610;2.587;1.700;1.212;1.336;0;0;0;0;0;0;0.716;2.253;6.448;4.839;4.164;7.373;11.664;14.190;21.538;38.132;34.585;29.806;25.790;25.259;29.850;33.288;18.746;22.195;27.213;26.047;41.956;71.388;66.212;49.915;42.310;37.060;49.603;56.688;31.772;40.239;43.145;51.035;73.700;142.782;122.578;68.571;52.962;46.201;57.363;53.230;23.511;35.189;35.684
COLOMBIA;AMERICA DEL SUR;5.824;2.834;3.626;3.557;2.802;3.593;3.176;3.517;3.366;4.501;4.701;6.271;6.113;2.740;3.550;3.203;3.198;3.208;3.655;3.770;4.118;5.265;5.687;7.970;6.376;3.759;5.814;5.283;4.264;4.937;5.168;4.645;4.933;6.488;7.259;8.908;7.918;4.925;8.707;6.709;5.268;5.822;5.553;5.421;6.547;7.208;7.863;9.943;8.618;5.589;8.293;6.972;5.550;6.882;5.761;6.075;5.987;7.562;7.772;10.553;8.143;5.618;7.441;7.411;6.030;6.972;6.465;6.691;6.610;7.833;7.818;12.060;9.990;5.362;8.265;6.929;6.384;18.552;6.723;6.964;6.976;8.093;9.692;11.387;9.770;8.186;11.252;8.977;8.407;8.870;9.067;9.068;9.124;10.058;11.396;15.149;11.877;9.308;11.016;10.681;8.808;9.835;9.426;14.369;9.795;10.814;11.208;16.204;12.009;9.412;13.372;11.601;7.951;9.528;8.938;8.803;9.645;11.042;12.506;17.708;12.611;8.605;11.968;12.748;10.163;11.149;9.604;10.015;10.049;10.230;9.403;15.273;11.727;7.809;5.492;0;0;0;0;0;0;0;1.137;6.531;4.337;4.843;5.515;0;0;0;0;0;0;3.150;5.472;12.586;5.849;6.657;9.245;10.597;9.180;9.755;9.444;9.280;9.920;12.049;12.773;20.165;12.739;8.791;11.613;11.233;9.467;10.577;10.252;11.698;10.798;13.339;13.900;21.962;15.010;10.415;15.844;13.080;9.901;11.545;11.694;12.818;11.726;15.591;14.865;21.193;14.232;9.713;12.102;11.847
ECUADOR;AMERICA DEL SUR;1.936;1.987;2.357;1.738;1.772;1.456;1.455;1.843;1.731;2.629;2.050;2.143;2.096;2.349;2.078;1.766;1.622;1.263;1.623;1.861;2.168;2.229;2.284;2.252;2.095;2.283;2.762;2.362;1.789;1.789;2.111;2.173;2.377;2.723;2.562;2.862;2.116;2.669;3.446;2.383;2.027;1.571;2.007;2.382;2.260;2.611;2.840;2.284;2.067;2.461;3.265;2.975;1.783;1.632;1.894;2.455;2.046;3.000;2.441;2.211;1.764;1.614;3.290;2.631;2.073;1.829;2.211;2.558;2.417;2.883;2.636;2.615;1.931;1.961;3.041;3.022;2.117;3.484;2.434;2.478;2.690;3.146;2.880;2.809;2.124;2.671;4.175;3.331;2.477;2.160;2.838;3.415;3.535;3.951;4.110;3.583;2.887;2.782;4.018;3.853;2.836;2.500;2.811;5.448;4.150;4.204;3.745;3.701;3.005;2.969;5.126;4.198;2.602;2.282;2.557;3.282;3.763;3.549;3.981;3.812;2.907;2.848;5.174;4.494;3.644;2.856;2.756;3.785;3.715;3.291;2.881;3.447;3.031;2.728;2.272;0;0;0;0;0;0;0;387;1.330;715;793;1.144;0;0;0;0;0;0;654;1.201;1.594;902;954;1.739;2.867;2.621;1.942;2.099;2.617;3.349;3.886;3.824;3.166;2.617;2.255;4.170;3.895;3.007;2.381;2.793;3.564;4.166;4.863;4.822;4.309;3.293;3.215;5.162;4.521;3.267;3.078;3.768;4.723;4.877;5.203;5.187;4.761;3.247;3.117;6.672;4.296
GUYANA;AMERICA DEL SUR;1;3;2;1;6;1;4;0;4;3;3;0;1;3;1;2;2;1;1;3;0;4;4;0;3;0;0;1;1;3;3;0;7;6;4;1;2;1;3;4;2;0;0;2;3;2;12;5;4;2;0;0;1;2;6;0;0;4;7;1;3;1;20;4;3;6;2;0;4;6;8;6;2;0;2;1;2;0;4;2;7;8;3;2;3;1;3;4;5;4;11;6;8;20;10;4;5;7;7;7;5;10;10;6;28;9;11;4;19;6;23;7;4;3;5;13;11;18;7;6;10;3;7;12;11;14;4;11;8;12;2;7;10;5;7;0;0;0;0;0;0;0;0;0;2;0;0;0;0;0;0;0;0;0;1;1;2;0;5;1;5;5;6;6;3;4;7;8;10;1;11;19;12;5;4;7;7;53;16;8;9;7;6;14;8;3;9;23;28;9;11;10;6;8;6;26
PARAGUAY;AMERICA DEL SUR;2.854;1.881;1.701;1.527;1.664;1.258;1.516;1.930;1.873;2.061;2.396;1.688;3.359;2.506;1.969;2.130;1.876;1.891;2.015;2.301;2.595;2.772;2.641;2.212;3.688;2.885;2.681;2.345;2.521;1.512;1.664;2.630;2.844;2.605;3.081;1.568;3.468;2.769;2.718;2.137;2.649;1.806;2.059;1.839;2.191;2.701;2.472;2.170;3.908;2.565;2.434;2.452;2.106;1.123;2.193;2.157;2.613;2.798;2.865;2.204;4.245;3.143;3.342;2.001;2.183;1.883;2.446;1.777;2.140;2.646;2.073;2.101;3.136;2.191;2.293;1.984;1.870;1.779;1.695;2.048;2.091;2.196;1.886;2.115;3.164;2.413;2.250;1.681;1.641;1.309;1.749;1.759;1.842;1.924;2.206;2.113;3.148;2.322;2.407;1.977;1.990;1.560;1.836;4.048;1.872;2.633;2.157;1.900;3.590;2.581;2.377;2.137;1.718;1.385;1.834;1.653;1.660;1.898;2.002;2.132;2.967;1.795;2.111;2.120;1.618;1.279;1.465;1.525;1.527;1.642;1.459;1.556;2.159;1.881;829;0;0;0;0;0;0;0;114;242;226;172;231;0;0;0;0;0;0;149;183;382;510;397;481;596;512;528;768;827;1.155;1.284;1.412;1.432;2.228;1.391;1.457;1.640;1.123;1.093;1.278;1.173;1.157;1.751;1.611;1.915;2.476;1.518;1.926;1.796;1.305;1.468;1.509;1.380;1.715;1.731;1.640;1.997;3.113;2.187;1.983;1.584
PERU;AMERICA DEL SUR;26.594;26.532;24.943;20.603;19.264;18.064;21.321;22.162;21.185;21.592;23.461;23.813;28.981;26.579;25.860;24.304;24.510;21.822;25.859;26.544;23.677;26.143;26.859;27.621;34.618;30.416;31.629;26.024;27.053;25.688;27.442;26.514;26.109;27.729;27.330;28.364;34.208;33.384;32.234;27.529;26.817;22.961;27.899;28.150;24.939;25.298;26.345;28.262;34.278;29.997;30.157;28.001;24.967;21.522;25.953;27.534;25.093;27.933;25.438;30.401;33.993;31.906;32.901;25.587;25.862;25.062;29.013;27.431;25.160;28.681;26.098;32.074;35.914;31.870;33.152;26.777;24.596;27.747;29.900;29.530;27.747;29.962;29.489;33.173;38.349;37.182;36.427;35.823;36.014;30.787;41.141;29.731;27.493;30.147;28.404;32.107;40.702;30.874;31.295;31.171;28.634;27.982;31.902;40.155;30.467;33.729;30.522;36.771;39.927;33.064;33.877;29.387;27.924;26.020;32.014;32.257;29.436;32.626;32.990;39.420;39.111;29.296;37.397;33.883;32.201;31.600;36.200;36.636;32.398;34.941;28.517;38.512;40.574;32.964;17.354;0;0;0;0;0;0;0;1.442;5.472;4.393;3.903;4.840;0;0;0;0;0;0;1.842;4.483;7.796;5.121;4.780;8.067;10.354;13.560;13.237;17.258;19.193;18.712;22.462;22.859;27.417;22.845;21.354;28.275;26.584;23.822;21.177;26.987;28.376;24.965;31.118;27.419;32.830;33.074;26.920;31.547;28.084;25.504;23.644;33.394;32.575;29.537;34.569;30.769;35.810;35.007;27.852;28.209;25.898
SURINAME;AMERICA DEL SUR;0;0;34;4;9;0;1;6;2;3;5;4;0;3;0;1;0;0;1;0;0;6;3;2;2;0;2;5;2;2;0;1;2;11;5;4;1;1;0;4;8;3;10;3;5;13;7;7;8;0;5;1;3;2;4;2;2;4;5;10;6;1;46;1;2;2;1;0;9;7;9;2;1;0;1;5;1;3;3;14;2;8;10;3;3;3;7;4;6;3;2;1;6;21;13;3;7;3;4;3;9;2;2;8;43;8;18;2;8;4;8;5;5;9;3;11;2;7;30;4;13;11;3;9;8;10;1;9;5;7;2;7;5;1;4;0;0;0;0;0;0;0;0;1;0;0;1;0;0;0;0;0;0;0;0;0;1;0;0;1;2;1;3;5;1;6;5;9;2;2;3;17;5;5;3;3;2;24;18;127;5;9;12;9;4;8;2;11;4;11;8;16;7;3;11;5
URUGUAY;AMERICA DEL SUR;2.468;1.971;2.644;4.004;1.842;1.869;2.052;2.026;2.893;2.431;3.286;2.318;3.226;1.963;2.306;2.127;1.948;2.093;2.138;2.616;3.129;3.190;3.201;2.677;3.273;2.350;3.031;4.408;3.136;2.584;2.897;2.470;3.280;3.699;3.192;2.568;3.097;2.266;3.633;4.147;2.662;2.257;2.887;2.357;2.917;3.759;3.069;2.573;3.238;2.541;4.816;3.030;2.302;2.281;3.341;2.579;3.264;3.311;2.974;2.614;4.065;3.232;3.650;4.595;2.515;2.112;3.224;2.914;3.331;3.640;3.021;3.070;3.636;3.086;4.547;3.227;2.376;4.469;2.836;2.943;3.024;3.543;3.078;3.006;3.622;2.913;4.769;3.257;2.497;3.025;3.168;3.220;4.731;5.119;5.984;4.393;4.745;4.175;4.498;7.114;4.674;4.642;6.962;8.313;7.632;6.697;6.176;4.284;5.408;4.539;7.155;5.406;4.681;4.175;6.514;5.724;8.778;6.497;6.050;4.720;5.070;3.653;5.178;7.489;4.569;4.208;5.873;5.013;6.358;4.313;2.759;3.194;4.043;3.031;1.657;0;0;0;0;0;0;0;111;357;126;140;211;0;0;0;0;0;0;175;344;599;754;645;1.150;1.507;1.555;1.426;2.254;2.360;3.225;3.231;2.901;2.640;3.614;2.038;2.638;3.512;2.079;1.610;2.824;2.410;3.120;3.908;3.386;3.338;4.578;3.093;5.067;3.764;3.094;3.640;7.473;5.925;8.262;7.187;5.464;4.722;5.819;4.109;4.676;7.289
VENEZUELA;AMERICA DEL SUR;1.880;1.133;1.336;1.552;1.154;954;1.286;2.451;2.541;2.019;1.899;3.255;1.776;981;1.010;1.064;862;768;970;1.956;1.738;1.830;2.145;2.502;1.663;1.124;1.869;2.120;1.234;1.547;1.533;2.451;2.091;1.987;2.085;3.276;1.950;1.286;2.092;1.779;1.364;1.148;1.625;2.785;2.526;1.908;2.655;3.672;2.373;1.841;2.756;2.568;1.910;1.700;1.931;3.531;3.872;3.580;4.136;4.245;3.171;2.291;3.004;2.110;2.286;2.357;1.952;1.970;2.325;2.824;4.721;4.171;2.068;1.472;3.206;5.108;4.055;3.279;2.464;3.814;4.598;5.262;5.637;4.955;3.225;3.058;4.539;4.068;4.006;4.538;4.982;6.690;7.971;9.523;10.213;8.221;7.963;6.939;10.221;10.535;9.462;9.926;11.194;16.030;15.156;16.794;18.694;23.236;18.819;21.127;26.335;19.469;8.489;10.561;18.478;17.831;17.660;22.436;26.181;33.681;20.893;21.236;26.047;28.626;31.540;24.666;2.156;1.448;1.238;1.270;1.055;1.971;993;924;607;0;0;0;0;0;0;0;112;402;194;200;236;0;0;0;0;0;0;346;573;1.561;930;1.031;1.036;1.132;940;999;1.039;1.189;997;1.297;1.174;2.564;1.485;1.623;1.571;1.535;998;950;1.076;1.191;1.210;1.763;1.452;2.821;1.582;1.572;1.519;1.214;1.074;1.170;1.268;1.215;1.539;1.544;1.802;3.567;1.803;1.669;1.544;1.340
O. AMERICA DEL SUR;AMERICA DEL SUR;0;0;0;0;0;0;0;0;0;0;0;0;0;0;0;0;0;0;2;0;0;0;1;0;0;0;0;0;0;0;0;0;0;0;0;0;2;0;0;0;0;1;0;1;101;0;0;1;0;0;0;0;0;0;0;0;0;0;0;0;0;0;0;0;0;0;0;0;0;0;0;0;0;0;0;0;0;0;0;0;0;0;0;0;0;0;0;0;0;0;0;0;1;2;0;0;3;2;2;0;2;1;0;1;0;1;0;0;0;0;0;0;0;0;0;0;0;0;0;0;0;0;0;0;0;0;0;0;0;0;0;0;0;0;0;0;0;0;0;0;0;0;0;0;0;0;0;0;0;0;0;0;0;0;0;0;0;0;0;0;0;0;0;0;0;2;0;0;0;0;0;0;0;0;0;0;0;0;0;0;0;0;0;1;0;0;0;0;0;0;0;0;0;0;0;0
BAHAMAS;CARIBE;2;1;0;0;1;1;5;4;9;23;4;2;2;1;0;2;1;0;0;1;0;2;8;2;8;4;2;4;4;4;2;5;6;8;7;5;3;1;8;3;3;3;4;3;3;4;5;4;9;5;7;3;1;3;1;11;7;9;7;3;0;5;6;0;4;3;2;14;9;5;9;8;15;0;4;6;1;2;4;7;4;7;3;1;1;1;13;7;6;4;9;6;6;6;8;6;6;6;2;13;5;1;8;42;7;9;10;8;33;12;17;12;13;10;23;12;8;11;16;24;4;3;7;13;6;12;5;9;6;4;4;18;18;5;3;0;0;0;0;0;0;0;0;0;0;0;0;0;0;0;0;0;0;0;0;0;0;0;0;2;10;0;6;4;5;6;8;16;12;1;14;15;9;8;4;14;18;70;17;13;9;8;17;10;20;11;8;14;28;14;11;24;10;13;24;10
BARBADOS;CARIBE;7;2;9;2;4;5;11;1;3;5;6;2;2;7;3;3;1;5;3;2;5;5;8;4;5;8;9;5;5;7;6;4;12;8;4;2;4;5;12;8;5;5;11;1;2;7;14;10;7;2;6;7;5;5;2;11;3;3;10;6;8;2;4;5;7;1;4;1;3;5;8;17;12;13;6;8;6;4;2;8;19;14;6;8;5;8;8;7;3;2;8;4;4;20;5;11;17;7;6;5;6;4;8;11;4;6;7;4;13;3;9;8;10;3;6;5;4;14;4;11;7;3;12;9;9;0;11;8;4;16;8;4;9;6;24;0;0;0;0;0;0;0;0;0;0;0;0;0;0;0;0;0;0;0;2;0;1;1;0;4;4;1;6;5;6;12;7;15;9;5;6;16;8;21;12;7;11;73;24;8;11;4;13;13;11;6;10;9;11;12;15;7;9;3;31;6
CUBA;CARIBE;110;85;116;76;104;92;69;82;105;82;152;157;163;81;118;91;64;68;91;84;97;120;143;157;99;91;110;77;76;59;51;74;67;122;117;123;97;88;96;83;66;63;74;82;100;85;99;141;150;97;148;123;121;97;120;151;102;138;154;189;101;110;162;116;106;95;94;136;109;159;130;202;170;120;205;197;151;103;124;147;110;176;195;296;243;121;205;179;159;131;189;213;166;187;266;282;152;150;195;233;185;175;218;985;254;233;247;313;206;185;246;272;183;142;203;245;233;206;302;404;212;127;239;238;215;182;175;173;149;131;143;259;322;337;167;0;0;0;0;0;0;0;0;13;11;18;5;0;0;0;0;0;0;6;6;18;34;37;31;34;93;62;62;52;61;89;74;268;381;88;78;85;68;66;70;70;54;371;97;106;60;58;91;65;50;59;58;64;76;209;95;121;78;69;118;119
DOMINICA;CARIBE;2;1;1;9;3;0;1;0;2;1;3;3;0;0;2;1;2;2;1;1;1;3;2;3;0;8;2;2;3;15;3;4;5;3;4;0;3;14;7;1;3;2;1;3;4;1;4;24;8;3;8;0;0;0;0;2;5;1;2;1;3;0;1;3;1;0;3;5;4;2;4;3;2;1;5;1;1;1;2;4;3;1;2;8;5;6;0;4;7;1;3;3;5;8;9;7;6;4;13;5;8;3;5;14;4;2;4;8;7;7;6;9;4;0;1;4;9;5;3;6;2;2;5;2;2;3;1;1;1;5;0;7;1;6;1;0;0;0;0;0;0;0;0;0;0;0;0;0;0;0;0;0;0;0;0;0;1;1;2;1;5;3;1;2;0;0;3;4;6;4;3;5;3;2;1;3;2;11;8;4;5;4;3;6;2;3;3;4;5;0;5;8;9;5;3;8
GRANADA;CARIBE;2;1;0;2;3;6;0;2;2;3;1;1;4;2;0;0;0;0;1;2;2;0;4;0;2;0;2;1;1;5;1;0;2;13;5;0;25;13;1;1;4;0;2;1;1;3;5;3;3;1;3;0;0;0;2;1;4;0;2;1;2;1;1;2;2;1;2;2;3;0;4;0;1;1;1;0;1;2;0;1;7;6;0;0;3;2;3;2;5;1;0;1;6;6;10;2;4;1;2;3;0;3;0;0;3;2;2;8;6;5;6;2;0;2;3;1;2;1;1;10;7;5;4;4;3;1;3;4;3;6;3;4;1;4;0;0;0;0;0;0;0;0;0;0;0;0;0;0;0;0;0;0;0;0;0;1;0;0;0;0;2;0;2;2;0;1;0;14;7;0;15;10;1;1;1;2;7;16;13;7;5;8;3;4;6;2;1;8;3;4;12;8;4;2;8;2
HAITI;CARIBE;43;18;40;37;39;21;30;52;51;56;45;45;42;18;68;80;69;54;28;60;72;101;97;131;125;125;185;94;66;74;58;85;123;140;132;182;163;123;158;91;44;70;54;85;91;106;103;127;112;46;146;172;127;144;99;216;253;243;183;284;192;133;260;335;263;328;306;312;518;405;456;579;459;288;391;654;580;1.061;866;1.207;1.690;1.712;1.886;2.318;1.935;1.557;3.329;3.789;4.179;4.846;4.684;4.940;4.974;3.913;3.916;4.900;3.781;3.583;5.183;6.160;7.296;8.598;11.423;12.914;10.318;13.591;13.044;15.539;15.359;11.578;5.457;2.026;34;42;47;64;57;45;44;87;64;42;72;61;60;46;33;24;59;39;26;64;58;25;23;0;0;0;0;0;0;0;3;16;11;9;13;0;0;0;0;0;0;6;20;105;209;125;51;39;40;32;66;42;37;31;77;61;91;34;52;30;51;39;26;28;23;47;47;57;54;69;81;33;50;27;37;31;35;45;38;59;22;39;59;80
JAMAICA;CARIBE;34;8;20;19;12;1;3;15;12;9;25;8;15;5;10;8;4;5;2;16;9;18;25;7;8;2;20;13;10;11;15;2;12;27;27;12;8;13;35;10;9;15;34;6;9;13;14;18;13;15;15;11;18;13;18;16;11;8;15;11;21;12;17;19;9;12;12;21;7;20;40;11;18;9;30;20;39;62;14;12;10;35;16;23;30;15;29;13;50;23;10;18;18;23;24;28;17;19;20;27;15;8;15;36;25;12;25;17;24;11;24;20;29;9;47;13;17;23;41;34;16;23;37;35;21;23;19;23;14;18;10;7;17;15;4;0;0;0;0;0;0;0;0;5;3;1;0;0;0;0;0;0;0;0;4;8;4;1;5;6;5;18;11;25;7;20;32;27;18;31;22;23;21;13;11;19;32;118;55;16;8;39;12;31;23;19;16;9;39;44;31;26;16;11;29;16
PUERTO RICO;CARIBE;3;1;3;4;2;0;2;0;1;2;3;1;1;1;2;0;0;0;0;0;0;2;3;1;5;1;0;1;2;3;3;0;1;0;4;90;4;2;6;169;4;0;1;0;0;2;2;2;3;79;1;0;1;0;3;3;2;3;4;3;4;4;5;1;1;2;5;2;3;17;5;5;1;10;1;4;4;3;6;3;5;4;6;6;4;3;3;3;2;2;4;0;1;2;3;1;5;4;2;2;2;1;3;0;3;2;2;5;6;5;5;0;3;1;4;1;2;5;3;1;4;2;5;2;3;0;3;2;4;3;1;1;3;3;0;0;0;0;0;0;0;0;0;0;0;0;0;0;0;0;0;0;0;0;0;0;0;0;0;0;0;0;1;0;4;2;2;2;3;0;2;1;1;2;0;1;2;5;14;1;5;9;2;3;1;1;1;1;0;0;0;3;3;1;7;0
REPUBLICA DOMINICANA;CARIBE;258;164;291;296;265;209;219;275;271;401;330;281;287;201;250;287;246;239;225;309;297;372;413;365;299;346;540;377;254;270;293;356;468;524;485;471;545;499;699;565;417;429;386;561;147;193;208;229;246;200;276;202;174;127;159;230;175;218;225;217;185;115;201;148;168;130;134;155;181;276;224;215;236;184;293;251;187;184;260;220;277;363;281;369;244;233;238;242;193;278;331;226;277;366;392;399;300;246;318;289;262;272;284;707;343;442;433;541;372;301;401;396;246;183;203;193;225;180;307;315;185;177;277;259;227;204;223;201;230;191;160;225;280;195;115;0;0;0;0;0;0;0;10;32;27;30;30;0;0;0;0;0;0;21;22;57;36;68;71;107;90;85;83;123;112;181;312;219;261;127;181;189;160;134;120;227;261;959;362;322;258;125;331;263;183;160;317;248;358;482;311;288;224;184;355;270
SAN VICENTE;CARIBE;1;3;9;0;1;0;1;0;6;2;1;3;2;1;0;1;0;2;0;0;1;0;0;0;1;0;4;0;2;4;0;0;1;1;3;2;3;1;6;0;2;1;3;0;4;1;4;5;3;2;1;2;2;1;1;6;7;4;3;0;2;2;2;2;2;0;1;3;5;8;4;2;3;0;1;0;1;0;3;5;6;3;5;2;4;2;6;3;5;4;2;1;2;2;11;9;7;1;3;12;2;2;2;2;5;2;4;4;7;4;4;6;2;5;2;2;2;2;6;6;10;3;4;7;4;3;5;1;1;4;4;2;3;5;1;0;0;0;0;0;0;0;0;0;0;0;0;0;0;0;0;0;0;0;0;0;0;1;0;1;1;2;1;1;0;0;4;6;2;9;10;12;12;12;5;16;11;21;13;17;15;9;10;12;3;8;0;7;3;14;12;8;6;5;11;5
SANTA LUCIA;CARIBE;0;0;2;1;1;2;0;0;2;2;2;1;0;2;4;0;1;1;0;1;0;0;0;1;2;1;1;1;4;3;0;0;5;0;1;2;0;3;1;6;1;2;1;0;3;4;4;3;9;0;3;1;0;0;1;3;11;2;4;4;1;0;3;2;3;5;1;2;0;2;1;4;0;0;4;3;0;3;1;3;1;4;2;1;1;1;4;2;5;3;1;0;6;6;9;6;3;2;3;1;2;2;5;4;7;1;3;4;11;4;4;7;2;0;4;0;5;6;2;4;7;2;1;3;3;3;5;0;2;6;3;3;6;2;2;0;0;0;0;0;0;0;0;0;0;0;0;0;0;0;0;0;0;0;0;2;0;0;1;3;0;2;2;8;0;2;3;5;3;2;9;8;4;0;1;0;1;17;1;1;8;5;3;11;2;2;1;1;2;1;0;13;2;7;8;5
TRINIDAD Y TOBAGO;CARIBE;18;17;35;16;7;13;16;19;18;47;11;36;34;16;21;35;37;20;9;14;25;25;17;19;16;7;34;20;14;29;28;11;19;35;14;26;25;25;17;19;11;14;17;11;9;31;22;21;22;20;19;16;14;10;12;34;36;21;21;26;18;21;24;12;26;8;8;17;15;29;22;25;15;6;17;17;16;14;18;33;17;32;22;12;23;12;17;26;19;12;17;42;13;21;52;25;11;15;29;27;6;15;15;36;23;21;41;25;28;24;25;17;14;13;17;32;18;20;29;23;16;22;20;25;12;24;24;15;12;28;11;29;23;13;6;0;0;0;0;0;0;0;0;1;0;0;1;0;0;0;0;0;0;2;0;1;58;0;6;3;4;14;6;15;14;26;18;18;22;10;38;52;25;11;7;24;21;148;41;28;15;21;32;36;54;26;17;50;67;44;32;29;19;14;32;21
O. CARIBE;CARIBE;18;4;3;7;8;1;3;3;4;6;12;5;6;25;1;5;2;2;8;5;1;9;8;10;5;15;9;6;1;16;6;8;8;9;13;14;10;16;12;5;16;10;14;9;11;17;18;17;15;9;22;4;8;6;10;7;12;9;15;15;18;9;13;6;5;2;3;6;8;13;8;8;12;12;14;12;19;3;7;9;14;10;6;14;17;9;12;49;52;24;25;36;31;50;45;41;130;95;48;39;37;21;31;33;41;46;38;78;57;35;27;18;20;27;20;10;15;17;19;36;12;17;6;13;11;14;19;11;19;20;13;32;45;36;12;0;0;0;0;0;0;0;0;1;0;0;1;0;0;0;0;0;0;0;0;4;6;8;6;6;9;3;11;17;10;41;23;28;43;47;45;46;18;19;9;18;24;48;24;53;31;27;37;65;44;29;34;28;41;55;41;69;65;55;60;35
AFGANISTAN;ASIA;1;0;0;3;0;1;1;0;0;13;2;2;0;0;0;0;0;5;0;1;4;0;1;0;1;0;1;4;1;1;0;0;2;0;1;1;1;1;3;1;1;5;8;13;12;12;28;17;7;6;15;4;7;8;1;8;3;5;2;37;10;3;4;2;8;2;10;9;8;31;44;35;75;28;51;22;7;10;10;8;12;17;18;22;114;3;2;9;5;9;23;13;8;19;30;18;28;33;18;12;21;13;16;10;20;13;23;21;40;32;22;16;7;7;13;16;13;12;17;25;43;4;5;10;10;7;11;8;5;8;8;16;15;11;5;0;0;0;0;0;0;0;0;0;0;1;0;0;0;0;0;0;0;38;10;61;4;4;5;4;2;4;5;4;4;4;2;6;16;7;5;7;7;4;5;7;9;7;4;12;11;12;4;9;8;7;10;11;11;11;6;21;24;32;14;19
BANGLADESH;ASIA;7;2;1;2;2;5;3;3;1;1;1;0;1;2;0;8;15;9;11;1;4;1;1;2;1;2;2;2;6;2;2;1;0;2;3;2;2;1;1;0;1;1;1;0;2;3;0;2;1;6;4;2;1;1;0;2;2;3;5;1;2;2;4;0;5;0;2;0;1;1;0;0;4;2;2;2;7;2;0;6;2;1;2;13;4;1;5;4;6;1;3;5;9;3;4;1;6;1;4;11;7;4;5;13;2;4;3;7;0;17;14;8;10;13;1;10;14;5;7;11;3;2;3;13;3;5;4;5;5;7;8;1;4;0;7;0;0;0;0;0;0;0;0;0;0;0;0;0;0;0;0;0;0;0;0;0;0;0;0;5;1;3;1;0;0;1;5;1;3;2;9;4;5;0;0;0;3;8;8;10;3;2;6;4;1;7;2;7;7;5;3;9;4;3;2;1
BHUTAN;ASIA;0;0;0;0;0;0;0;0;0;0;1;0;0;0;1;0;1;0;0;0;0;0;0;0;0;0;0;0;1;0;0;0;1;0;0;0;0;0;0;0;2;0;0;0;0;2;0;0;0;0;0;0;0;0;0;0;0;0;0;3;0;0;1;0;0;0;0;0;0;0;0;0;1;0;0;0;0;0;0;0;0;0;0;0;1;1;0;2;0;1;1;1;1;1;0;4;2;1;1;0;2;0;0;0;0;0;1;2;1;2;0;2;0;1;0;1;0;0;0;1;1;0;0;2;3;3;1;4;0;2;2;2;0;1;2;0;0;0;0;0;0;0;0;0;0;0;0;0;0;0;0;0;0;0;0;0;0;0;0;0;0;0;0;0;0;0;0;0;0;0;7;3;2;0;0;1;0;0;0;1;1;0;1;0;1;0;0;0;0;0;0;2;0;0;2;0
BRUNEI;ASIA;0;0;0;3;0;0;0;0;0;0;1;0;1;1;0;0;0;0;0;0;0;0;0;0;0;19;0;0;0;1;0;0;0;0;0;0;0;1;0;1;0;0;0;1;0;2;1;0;0;0;1;0;0;4;0;0;1;0;4;1;0;0;0;0;4;0;0;1;1;0;1;1;0;0;0;0;0;0;0;0;1;0;0;0;3;0;1;0;0;0;1;0;0;1;2;0;7;1;0;0;0;0;2;2;0;0;0;1;0;0;7;0;0;0;0;0;0;0;1;5;0;3;5;7;6;1;4;12;6;12;0;1;1;0;0;0;0;0;0;0;0;0;0;0;0;0;0;0;0;0;0;0;0;0;0;0;0;0;0;0;0;0;0;0;0;0;0;0;0;1;2;0;0;0;0;0;0;1;2;1;2;0;0;0;0;0;0;0;1;0;1;0;1;1;0;1
CAMBOYA;ASIA;0;0;0;0;0;0;0;0;0;0;0;0;0;0;0;0;1;4;0;2;0;1;1;0;0;0;0;0;0;0;1;0;1;1;0;0;0;0;0;0;0;0;0;0;2;1;1;1;0;3;1;0;0;0;0;1;2;1;0;1;1;0;0;0;1;1;1;0;0;6;0;1;2;1;3;0;1;1;1;2;2;0;0;0;0;3;2;1;3;2;3;1;3;2;18;6;5;7;4;3;2;6;4;1;3;2;0;0;2;2;1;1;4;0;2;3;2;2;1;2;2;0;5;0;0;5;1;1;1;1;0;3;2;2;0;0;0;0;0;0;0;0;0;0;0;0;0;0;0;0;0;0;0;0;0;0;0;0;0;1;1;0;0;0;0;0;0;0;1;0;1;1;0;1;0;1;0;0;2;0;5;1;2;2;3;0;1;1;2;4;0;0;0;1;0;1
CHINA;ASIA;491;557;665;501;437;328;314;535;418;448;805;757;596;386;432;448;530;399;538;521;426;664;899;948;550;591;817;715;833;757;612;869;1.000;899;1.227;1.206;890;934;1.040;1.154;952;893;731;1.078;793;1.060;1.375;1.188;963;871;1.078;974;882;913;773;831;751;995;1.210;1.048;869;908;1.154;1.195;857;656;662;727;580;1.022;1.255;1.133;997;886;1.290;1.244;1.164;773;989;1.230;1.106;1.817;1.747;2.161;1.598;1.866;1.941;1.888;1.429;1.311;1.544;1.429;1.439;2.166;3.435;2.946;2.763;2.694;3.126;2.414;2.234;1.596;1.873;2.502;1.952;2.731;2.823;4.066;3.599;3.757;3.555;3.339;2.463;2.045;1.738;1.823;2.198;2.607;3.344;4.115;3.234;3.790;4.025;3.136;2.930;2.248;2.105;2.247;2.817;2.994;2.967;3.677;3.375;1.672;609;0;0;0;0;0;0;0;28;114;79;100;109;0;0;0;0;0;0;111;289;237;232;233;294;380;404;430;537;648;579;822;1.023;1.372;872;1.034;1.622;1.549;1.251;1.326;1.410;1.393;1.640;1.913;3.047;3.588;2.919;3.095;3.273;2.727;2.372;2.392;2.028;2.082;2.101;3.168;4.283;5.017;3.783;3.530;4.574;3.451
COREA DEL NORTE;ASIA;103;36;47;40;20;16;13;10;8;14;20;18;77;66;45;33;15;9;14;13;12;12;15;22;36;41;44;11;28;11;16;11;20;28;68;44;37;57;44;46;77;9;21;14;17;32;55;41;73;20;18;49;13;17;16;11;15;33;35;19;37;33;18;21;25;18;15;11;14;2;27;6;10;5;20;17;5;0;1;1;1;29;0;6;37;4;12;0;0;0;0;8;4;4;3;0;9;8;1;1;3;5;3;7;1;0;2;0;0;0;0;0;0;0;0;0;0;0;0;0;0;0;0;0;0;0;0;0;0;0;0;0;0;0;0;0;0;0;0;0;0;0;0;0;0;0;0;0;0;0;0;0;0;0;0;0;0;0;0;0;0;0;0;0;0;0;0;0;0;0;0;1;0;0;0;0;0;0;0;0;0;0;4;4;0;0;0;0;1;0;0;0;0;0;2;0
COREA DEL SUR;ASIA;910;670;594;508;436;382;438;426;431;520;511;756;1.322;760;603;501;433;382;248;252;182;284;634;940;1.402;873;1.373;716;652;550;443;578;652;641;933;995;1.414;1.199;1.163;947;679;907;552;535;681;719;1.163;1.071;1.870;1.089;1.113;888;701;554;682;588;516;772;965;1.058;1.979;1.285;1.302;1.013;660;673;803;704;680;1.019;1.240;1.273;3.015;1.627;1.814;1.469;726;733;966;864;571;1.167;1.555;1.872;3.379;1.943;1.890;1.035;688;734;931;812;729;982;1.503;1.697;3.243;2.701;1.984;1.398;1.165;867;974;1.361;971;1.695;1.917;2.134;5.075;2.482;2.696;1.655;1.075;988;1.341;1.215;946;1.250;1.905;2.366;4.334;2.703;2.349;1.508;965;823;1.186;960;726;1.128;1.260;2.033;2.765;2.592;736;0;0;0;0;0;0;0;12;45;34;26;28;0;0;0;0;0;0;27;79;107;127;140;131;205;224;220;278;385;313;568;923;875;1.515;1.558;1.253;712;503;366;588;522;735;782;1.317;1.747;2.794;2.343;2.394;1.143;512;533;612;550;853;946;1.684;2.094;2.728;2.784;1.985;1.018
FILIPINAS;ASIA;118;136;137;104;40;25;33;30;30;71;79;66;115;85;73;100;81;41;75;59;42;56;92;72;128;115;120;69;55;63;37;80;72;69;119;109;131;148;187;146;93;63;62;67;87;96;95;105;131;106;136;42;56;70;42;23;37;50;63;82;42;36;41;69;41;21;19;30;22;52;29;49;30;27;34;41;42;23;37;36;29;137;102;46;25;51;52;58;27;23;27;27;40;55;51;47;36;44;53;47;49;44;23;135;52;63;66;72;62;32;71;64;45;33;26;27;48;109;75;86;48;62;69;111;70;52;55;91;105;72;72;60;64;63;33;0;0;0;0;0;0;0;3;0;4;1;2;0;0;0;0;0;0;1;0;9;5;6;12;11;5;5;19;6;13;18;36;23;29;70;43;63;20;20;8;17;20;70;69;77;37;72;70;97;26;30;31;15;49;35;63;85;50;109;59;52
INDIA;ASIA;251;137;353;178;178;135;143;155;202;173;249;185;181;132;144;240;215;149;141;182;152;188;240;242;181;171;290;233;227;183;153;200;255;209;299;270;244;166;353;226;203;195;189;204;245;231;315;300;231;213;298;202;282;219;187;203;241;222;321;281;189;152;286;213;230;160;173;201;217;285;254;323;240;176;431;218;198;180;184;279;233;380;357;470;249;313;397;254;287;225;245;209;316;292;466;521;376;231;562;306;309;253;245;515;298;334;440;599;348;376;401;366;340;233;270;291;308;454;525;665;453;310;667;469;518;404;313;402;364;441;504;718;471;336;213;0;0;0;0;0;0;0;5;25;44;7;16;0;0;0;0;0;0;7;44;78;38;60;104;110;119;161;164;168;146;219;530;631;319;281;465;323;279;197;263;254;251;477;606;872;366;518;660;379;290;287;266;336;267;415;664;989;454;489;618;470
INDONESIA;ASIA;56;59;45;41;18;7;29;19;18;30;58;26;83;140;28;29;43;12;36;40;25;26;101;64;64;87;76;29;33;26;57;18;24;43;64;86;36;83;108;38;46;21;31;33;36;45;86;72;95;226;69;30;32;30;34;59;23;28;37;60;28;27;142;45;49;41;69;52;32;58;64;64;123;49;65;81;47;26;93;30;26;70;72;44;46;65;60;55;49;69;84;64;74;89;85;74;65;30;88;47;65;105;66;57;46;69;61;97;87;93;74;82;84;125;56;75;70;93;106;103;79;89;140;68;110;182;72;130;81;138;118;100;70;66;97;0;0;0;0;0;0;0;0;11;17;2;1;0;0;0;0;0;0;0;4;9;5;2;10;20;39;10;44;33;20;25;87;59;43;46;93;99;38;36;50;68;50;62;86;81;69;77;84;169;118;37;28;84;86;50;106;103;76;85;107;97
JAPON;ASIA;1.661;1.562;1.547;1.171;632;571;636;746;934;885;1.496;1.288;1.732;1.469;1.429;968;811;559;1.165;905;891;1.068;1.208;2.056;1.464;1.617;1.321;809;739;592;739;783;931;926;1.248;1.524;1.750;2.034;1.763;1.178;833;676;741;969;975;1.051;1.377;1.712;1.807;2.184;1.977;996;809;756;679;798;872;897;1.213;1.716;1.838;1.911;1.858;1.236;869;655;996;923;979;992;1.195;1.601;1.574;2.106;1.737;1.049;921;780;701;853;1.222;1.092;1.249;1.819;1.835;2.335;1.961;1.153;1.028;693;765;905;891;978;1.460;1.859;2.340;2.201;2.115;1.159;902;833;758;1.364;1.003;1.086;1.489;1.748;1.952;2.165;2.208;1.317;922;818;806;1.249;1.087;899;1.371;1.717;2.023;2.224;2.331;1.494;1.071;987;910;1.024;1.257;933;828;1.609;1.670;1.810;745;0;0;0;0;0;0;0;5;28;24;13;9;0;0;0;0;0;0;41;60;73;57;58;140;117;177;211;233;327;272;350;616;652;698;765;869;612;562;440;470;529;619;667;887;1.193;1.172;1.443;1.180;820;693;430;543;649;687;780;994;1.361;1.058;1.506;1.249;802
KASAJSTAN;ASIA;1;1;5;4;4;3;1;1;6;2;0;6;4;1;1;3;9;5;0;2;1;2;4;8;2;6;1;2;1;0;1;1;1;2;9;5;12;0;0;1;0;7;1;0;6;4;7;5;12;4;2;2;0;2;1;9;2;1;6;11;4;18;5;4;2;7;3;0;0;4;8;5;9;0;7;0;10;2;1;14;4;3;11;7;5;7;4;9;18;4;6;5;7;14;9;29;3;5;16;3;5;0;10;44;3;4;14;3;1;4;12;4;3;3;4;7;0;5;3;13;11;2;5;3;2;9;1;6;12;45;3;7;22;4;3;0;0;0;0;0;0;0;0;1;0;0;0;0;0;0;0;0;0;0;0;0;0;2;0;1;2;6;0;18;2;0;2;4;11;8;6;4;4;4;0;4;0;7;13;6;5;12;12;9;3;3;5;7;13;3;7;6;26;9;8;4
KIRGUIZTAN;ASIA;0;0;0;0;0;0;1;0;0;2;4;1;1;0;0;0;0;0;0;0;3;1;1;4;0;1;2;0;0;0;0;1;0;0;1;0;0;1;0;0;2;0;0;0;0;0;0;1;1;2;1;0;0;0;1;0;0;0;1;0;0;0;0;9;0;0;0;1;0;7;1;1;1;0;1;0;0;0;0;0;0;1;0;3;1;1;1;0;1;0;1;0;0;4;2;1;3;1;0;0;0;0;0;0;0;0;0;0;0;1;3;0;0;0;0;0;0;1;0;0;0;1;2;1;0;0;0;0;0;4;2;1;1;0;1;0;0;0;0;0;0;0;0;0;0;0;0;0;0;0;0;0;0;0;0;0;0;1;0;0;0;1;1;0;0;0;0;2;2;0;0;0;0;2;0;0;0;0;2;0;4;1;0;1;0;1;0;1;0;0;2;0;1;1;0;0
LAOS;ASIA;1;0;0;0;0;0;0;0;1;0;0;0;0;0;0;0;0;12;0;0;1;0;0;0;0;0;0;0;0;0;0;0;0;0;0;0;0;0;1;1;0;0;0;1;0;0;0;1;5;0;0;1;0;0;0;0;0;1;0;2;0;0;0;3;0;0;1;0;1;0;9;0;2;0;1;5;1;0;1;0;0;0;15;5;0;1;4;1;0;0;0;0;0;1;0;0;0;1;0;1;0;0;0;0;2;1;0;0;0;2;0;0;0;0;0;0;0;1;0;0;0;0;2;3;0;0;0;0;0;0;0;0;0;0;0;0;0;0;0;0;0;0;0;0;0;0;0;0;0;0;0;0;0;0;0;0;0;0;0;0;0;0;0;0;0;0;0;0;0;0;0;0;0;0;0;0;0;0;0;0;0;0;0;1;0;1;0;0;2;0;1;1;0;0;8;0
MALASIA;ASIA;36;51;43;120;97;20;37;48;31;34;56;72;43;65;53;62;46;51;26;30;44;32;74;99;39;97;61;86;51;35;27;33;100;64;107;43;51;85;67;55;67;62;46;67;89;106;64;102;51;82;51;59;59;80;34;40;105;95;123;201;67;86;184;61;116;62;71;76;113;142;94;169;74;35;114;108;104;74;74;125;156;254;152;118;93;89;100;97;75;50;52;64;114;102;123;101;119;135;199;196;78;50;81;83;156;181;170;205;188;67;163;140;89;83;58;73;171;255;166;186;127;115;228;158;164;109;76;189;148;288;113;250;82;132;94;0;0;0;0;0;0;0;2;4;1;2;2;0;0;0;0;0;0;0;15;6;4;6;46;35;119;26;32;18;26;77;130;92;81;107;123;68;64;32;27;48;88;126;225;225;107;108;155;156;144;69;58;61;84;200;230;170;100;174;212;185
MALDIVAS;ASIA;0;0;0;0;0;0;0;0;0;0;0;0;0;3;0;1;0;0;0;2;0;0;1;0;0;0;0;0;0;0;0;0;0;0;0;0;0;0;0;0;0;0;0;0;0;0;0;0;0;0;0;0;0;0;0;0;0;0;0;0;0;2;0;0;0;0;0;0;0;0;0;0;0;3;0;0;1;0;0;0;0;0;0;0;0;0;0;0;0;1;0;0;0;0;0;0;0;0;0;1;0;0;0;0;1;0;0;0;0;0;0;0;0;0;0;0;0;1;0;1;2;0;0;0;7;2;0;1;0;1;0;0;0;0;0;0;0;0;0;0;0;0;0;0;0;0;0;0;0;0;0;0;0;0;0;0;0;0;0;1;0;0;0;0;0;0;0;0;0;0;2;1;0;0;0;0;0;0;0;0;0;0;0;0;0;0;0;0;0;0;0;2;0;0;0;0
MAYNMAR;ASIA;0;0;0;2;2;0;0;2;3;0;0;0;1;0;1;0;0;1;5;2;0;4;1;1;0;0;3;2;8;1;0;0;0;4;0;0;3;1;4;2;3;1;0;1;1;1;1;0;2;5;1;0;0;0;0;1;3;1;0;4;0;0;1;1;1;0;3;0;0;0;1;1;1;0;2;0;0;0;0;0;0;1;0;2;1;0;1;1;0;4;0;0;0;0;1;0;1;0;0;1;0;0;0;3;2;1;7;2;2;3;1;2;2;0;1;0;2;0;4;2;2;0;6;2;1;3;0;3;0;6;4;3;2;1;0;0;0;0;0;0;0;0;1;0;0;0;0;0;0;0;0;0;0;0;0;0;0;1;1;1;0;0;0;0;0;0;2;0;3;1;1;0;3;0;0;0;1;0;2;0;1;1;0;4;0;0;0;1;0;4;0;1;0;2;2;0
MONGOLIA;ASIA;3;1;2;1;0;1;0;0;12;0;0;0;5;1;0;9;1;0;0;7;2;1;0;1;0;6;8;0;1;0;1;0;3;3;1;0;1;1;7;1;1;0;0;0;0;4;3;1;6;1;1;1;0;2;2;0;1;0;4;1;3;3;2;0;0;0;6;0;0;3;1;1;10;1;0;1;0;1;0;1;1;1;0;6;2;2;1;3;1;6;1;3;1;3;4;5;6;7;11;6;0;15;2;0;1;1;37;42;30;0;2;6;2;4;0;7;9;10;3;16;8;14;4;14;2;1;3;4;19;11;2;4;14;15;1;0;0;0;0;0;0;0;0;0;0;0;0;0;0;0;0;0;0;1;0;1;2;0;12;1;0;4;3;5;22;12;6;6;6;4;10;11;2;1;2;3;8;7;6;9;15;2;13;13;7;6;9;3;13;10;13;5;14;7;16;14
NEPAL;ASIA;6;3;3;1;3;1;1;4;1;6;5;2;1;8;2;2;1;1;3;1;0;0;6;1;1;5;1;1;4;4;1;0;3;1;4;2;3;3;4;2;9;1;3;6;2;6;6;4;4;1;6;1;0;2;2;1;1;1;5;0;3;1;3;4;3;1;3;1;2;3;9;5;6;5;5;5;3;7;0;5;3;0;4;6;3;5;11;6;4;1;2;2;1;4;10;8;19;0;14;6;3;0;6;5;2;4;5;5;15;10;3;5;2;0;4;24;7;25;13;14;11;1;8;7;1;2;3;1;4;10;2;4;6;4;3;0;0;0;0;0;0;0;0;0;0;0;0;0;0;0;0;0;0;0;1;6;0;0;1;3;0;0;0;0;1;0;5;4;2;1;10;8;1;3;1;3;4;12;9;8;3;1;16;9;3;2;3;8;2;15;6;6;6;3;11;3
PAKISTAN;ASIA;29;26;26;25;36;20;20;21;31;24;19;30;31;26;31;47;34;25;32;21;38;34;41;17;16;25;28;32;28;32;28;19;14;38;21;14;19;13;20;19;15;23;17;20;17;9;31;9;12;9;23;12;12;10;14;19;9;12;22;10;20;10;16;10;22;27;17;15;14;24;13;14;25;15;35;23;23;30;19;25;17;24;32;30;13;23;30;33;37;30;35;30;18;30;24;57;34;23;41;43;37;24;28;91;26;36;26;33;18;17;28;29;115;19;38;24;29;28;27;40;27;13;21;38;18;29;22;16;14;25;19;16;23;19;16;0;0;0;0;0;0;0;1;1;0;0;0;0;0;0;0;0;0;1;0;8;1;3;5;4;3;8;1;9;5;4;10;7;9;14;16;12;12;7;4;9;14;5;7;16;13;12;14;14;9;10;7;11;13;22;18;11;13;6;9;14
SINGAPUR;ASIA;55;42;41;36;27;31;18;25;33;33;32;120;58;25;50;45;90;107;34;34;82;40;86;119;61;92;68;50;58;36;49;25;50;62;137;122;54;65;99;89;48;69;55;51;82;95;87;121;108;47;96;95;54;42;63;53;69;73;109;202;63;54;86;66;77;63;111;45;137;77;94;207;113;47;101;127;61;87;53;78;45;98;151;317;122;67;137;92;74;63;78;52;66;92;131;215;115;89;86;141;73;64;65;73;102;121;159;310;157;114;203;174;77;59;71;84;200;142;234;489;149;118;182;181;146;94;102;176;131;256;309;345;138;75;58;0;0;0;0;0;0;0;0;1;0;2;0;0;0;0;0;0;0;0;2;11;6;8;17;17;25;29;25;39;38;97;112;230;117;130;151;98;49;41;53;46;139;233;316;368;209;171;266;180;113;91;77;62;119;307;363;515;218;218;245;243
SRI LANKA;ASIA;1;1;12;5;0;1;0;0;1;3;0;5;5;2;4;3;2;3;4;1;0;0;2;1;0;0;0;7;3;7;1;6;4;4;5;3;5;4;8;3;4;2;2;3;1;4;2;1;4;1;10;2;5;4;5;1;5;6;3;3;5;2;1;2;4;1;5;2;3;4;8;5;4;5;1;1;2;3;1;10;7;22;10;3;1;5;3;9;2;3;11;4;5;3;8;8;8;3;3;10;1;2;1;8;8;4;9;1;13;5;2;4;2;1;5;4;7;11;9;4;4;1;3;2;3;4;6;3;5;6;3;5;9;2;1;0;0;0;0;0;0;0;0;0;0;0;0;0;0;0;0;0;0;0;0;1;0;0;2;1;0;2;2;1;3;0;2;4;2;0;9;6;0;1;5;1;27;3;7;1;3;2;6;3;1;8;6;4;28;1;5;3;2;3;3;3
TADJIKISTAN;ASIA;0;0;0;0;0;0;0;0;0;0;0;0;0;0;0;0;0;4;0;0;0;0;0;0;0;0;0;0;0;0;0;0;0;0;0;0;1;0;0;0;1;0;0;0;0;0;0;0;0;0;0;0;0;0;0;0;0;0;0;0;0;0;0;0;0;0;0;0;0;0;0;0;0;0;0;0;0;0;0;0;0;0;0;0;0;0;0;0;0;0;0;0;0;0;0;0;0;0;0;0;0;0;0;0;0;0;0;0;0;0;0;0;0;0;0;0;0;0;0;0;0;0;0;0;0;0;0;0;0;0;0;0;0;0;0;0;0;0;0;0;0;0;0;0;0;0;0;0;0;0;0;0;0;0;0;0;0;0;0;0;0;0;0;0;0;0;0;0;0;0;0;0;0;0;0;0;0;0;0;0;0;0;0;0;0;0;0;0;0;0;0;0;0;0;0;0
TAILANDIA;ASIA;18;23;39;14;19;25;25;19;20;23;37;34;29;23;6;31;23;24;8;31;41;32;23;33;42;15;56;59;33;17;22;11;25;27;27;45;50;37;89;65;21;31;22;42;24;60;71;61;30;48;100;50;72;21;28;20;40;64;69;107;57;38;128;126;117;34;25;71;28;49;63;79;63;62;79;113;60;80;46;116;63;71;73;123;107;142;108;169;70;30;53;46;40;55;126;194;131;62;161;177;112;66;54;46;58;107;103;135;98;130;110;288;64;44;58;77;95;102;113;157;91;88;198;267;123;154;85;121;117;157;122;148;97;48;99;0;0;0;0;0;0;0;1;1;0;0;2;0;0;0;0;0;0;0;5;9;14;10;12;20;15;26;16;34;45;40;132;102;40;70;101;237;63;38;78;61;39;60;133;160;118;122;134;308;48;32;46;63;74;106;169;113;75;78;142;372
TAIWAN;ASIA;100;89;264;89;49;60;44;57;54;54;81;126;165;82;169;85;90;34;42;51;85;57;158;85;119;82;280;57;77;41;59;84;50;152;122;134;121;174;220;131;129;91;65;71;60;174;237;153;148;310;212;198;69;100;78;82;113;176;206;204;105;181;297;141;99;52;93;70;146;157;241;177;157;236;294;140;111;190;84;148;125;169;386;188;132;391;293;171;128;0;0;0;0;0;0;0;0;0;0;0;157;158;248;224;236;284;446;0;295;388;462;366;280;214;355;264;228;398;388;454;299;446;593;375;322;209;361;336;258;405;460;376;385;291;205;0;0;0;0;0;0;0;2;3;6;2;0;0;0;0;0;0;0;1;9;13;9;5;18;25;21;22;31;27;53;82;150;165;158;167;198;152;100;137;116;93;143;278;282;283;309;421;515;311;168;179;162;175;131;331;413;365;371;494;442;431
TURKMENISTAN;ASIA;0;0;0;0;0;0;0;0;0;0;0;0;0;0;0;0;0;0;0;0;0;0;0;0;1;4;0;0;1;0;0;0;0;0;0;1;0;0;0;0;0;0;0;0;0;0;0;0;1;0;0;0;0;0;1;0;0;0;1;0;0;0;0;0;0;0;0;0;0;0;0;0;2;0;0;0;0;0;0;0;1;0;0;4;1;0;0;0;0;0;0;0;0;0;0;0;2;1;0;0;0;0;0;0;0;0;0;0;1;0;1;0;0;0;0;0;0;1;0;0;0;1;2;0;0;1;0;0;0;11;1;0;0;0;0;0;0;0;0;0;0;0;0;0;0;0;0;0;0;0;0;0;0;0;0;0;0;0;0;0;0;0;0;0;0;0;0;0;0;0;1;0;0;0;0;1;0;0;0;0;0;0;0;0;0;0;0;0;0;0;0;1;1;0;0;1
UZBEKISTAN;ASIA;1;0;0;4;0;1;0;5;0;2;0;0;1;0;0;0;1;0;1;0;0;1;3;1;0;1;0;1;0;0;1;0;0;1;2;2;2;1;0;1;0;0;1;0;2;0;1;1;2;2;2;0;1;0;0;1;1;0;1;4;1;2;1;3;0;1;0;1;0;3;4;3;1;0;6;0;1;1;0;0;4;3;0;3;4;2;2;8;1;3;1;2;1;1;2;1;2;0;2;0;2;1;0;1;0;2;0;1;2;1;2;0;1;0;1;0;0;1;2;1;1;0;0;1;0;0;0;0;2;5;1;0;3;0;1;0;0;0;0;0;0;0;0;0;0;0;0;0;0;0;0;0;0;0;0;1;0;0;0;2;0;0;0;3;0;1;1;0;1;0;1;2;1;0;0;0;2;2;3;2;1;3;0;0;0;0;4;1;0;4;3;10;3;0;15;1
VIETNAM;ASIA;15;4;8;14;71;16;0;15;123;12;7;6;3;11;9;10;3;13;6;5;7;10;21;5;16;39;4;8;4;5;3;0;4;7;14;20;6;12;11;32;7;9;0;14;5;13;6;10;13;25;12;19;46;12;2;2;39;13;9;13;9;10;28;6;46;31;5;9;8;18;28;17;13;15;15;22;18;3;7;14;16;17;11;33;8;12;10;7;18;14;18;8;21;35;25;26;11;7;21;25;28;5;5;15;34;27;92;52;101;58;81;127;87;69;122;23;46;26;24;50;22;111;118;66;110;62;93;175;151;149;98;97;104;82;47;0;0;0;0;0;0;0;2;32;10;0;0;0;0;0;0;0;0;1;3;6;2;5;7;7;12;7;19;23;80;92;208;253;325;235;788;512;47;35;64;128;173;205;40;84;18;29;77;107;84;29;32;66;59;60;278;52;19;56;43;55
O. ASIA;ASIA;41;34;83;19;15;14;17;15;22;20;38;68;37;63;39;24;23;14;12;28;25;22;38;56;61;117;115;26;53;26;58;40;35;56;61;158;128;171;94;90;56;45;52;46;47;87;80;137;112;259;120;75;78;51;58;50;48;50;96;178;108;250;200;125;55;50;85;36;56;77;65;157;143;190;135;79;66;67;80;75;61;108;100;208;263;448;261;94;68;59;70;57;49;63;107;180;215;219;248;149;78;74;74;101;85;85;110;202;187;184;171;99;100;107;61;74;87;94;106;136;148;256;249;161;67;54;36;55;67;106;81;141;155;184;58;0;0;0;0;0;0;0;0;2;1;1;3;0;0;0;0;0;0;0;1;6;0;2;5;9;9;0;5;3;7;26;14;34;35;38;51;28;27;22;23;26;24;36;43;48;102;115;77;47;37;36;31;34;30;51;73;94;65;105;91;76
ALBANIA;EUROPA;3;1;1;3;1;2;2;6;0;1;3;3;2;23;2;6;1;7;3;0;1;3;0;3;8;5;5;20;0;5;0;2;0;9;1;5;3;21;5;1;0;1;3;2;3;0;1;17;1;4;5;3;4;3;2;0;4;5;14;6;4;10;3;4;3;3;4;26;6;2;8;4;9;5;4;6;3;5;0;4;5;14;5;20;14;3;4;10;1;0;2;5;8;7;8;6;16;6;3;3;1;2;5;6;6;4;4;4;8;4;8;5;6;2;6;8;5;2;8;12;9;7;8;6;4;2;10;1;7;14;6;10;7;4;4;0;0;0;0;0;0;0;0;3;4;0;2;0;0;0;0;0;0;1;2;1;1;2;5;5;2;6;2;3;14;9;9;7;13;7;5;13;10;15;4;24;21;12;11;22;24;13;6;11;11;17;9;17;9;23;23;25;17;13;18;18
ALEMANIA;EUROPA;9.713;7.428;7.281;3.790;2.071;1.929;2.498;2.655;2.865;4.608;8.291;8.877;9.791;7.301;5.994;3.015;2.020;1.605;2.277;2.325;2.768;5.034;8.044;7.725;8.332;7.444;6.256;3.498;2.480;1.886;2.278;2.663;2.844;4.682;7.950;7.889;9.131;8.002;7.302;3.713;2.364;1.836;2.669;2.869;3.081;4.774;8.779;8.371;8.879;8.140;7.812;3.608;2.519;2.019;2.568;2.734;2.907;5.186;8.420;8.882;8.991;8.765;7.502;4.459;2.667;2.056;2.833;3.172;3.893;5.942;10.095;10.273;9.622;8.868;8.124;4.048;2.728;2.106;2.716;3.137;3.286;5.984;9.907;10.529;9.741;9.620;8.915;4.426;2.883;2.051;2.750;3.139;3.759;6.396;10.103;10.071;11.268;9.153;8.934;5.230;2.910;2.090;2.634;3.883;3.873;6.770;10.371;11.146;11.035;9.818;9.704;4.575;3.047;2.101;2.631;3.148;4.134;6.629;11.898;11.674;11.386;10.555;9.778;5.891;3.217;2.870;2.925;3.008;3.886;6.966;11.050;11.009;10.360;8.712;4.624;0;0;0;0;0;0;0;0.190;0.692;0.321;0.288;0.254;0;0;0;0;0;0;0.345;0.789;2.047;1.715;1.908;1.844;1.375;1.094;0.931;1.299;1.654;2.082;4.249;6.749;7.317;8.518;7.378;7.023;3.665;2.070;1.369;1.820;1.837;2.757;5.325;9.256;9.034;9.368;8.971;8.682;3.710;2.311;1.514;2.163;2.262;2.739;5.502;9.908;9.469;10.279;9.113;7.453;4.579
ANDORRA;EUROPA;9;6;9;1;1;7;11;22;4;16;28;20;9;18;4;5;7;1;2;15;4;7;7;10;16;6;7;20;6;6;8;4;8;3;8;8;23;10;7;10;16;10;11;9;6;6;13;8;9;15;20;5;7;4;2;7;7;13;13;9;7;5;10;16;5;5;19;4;15;7;19;7;26;6;21;3;6;8;12;5;19;13;21;11;10;6;13;2;10;7;6;14;9;13;23;14;8;9;6;7;8;8;10;21;17;9;10;19;14;12;14;12;12;5;7;22;8;8;15;13;12;16;14;13;4;7;7;15;20;20;5;12;17;17;9;0;0;0;0;0;0;0;0;2;0;1;0;0;0;0;0;0;0;2;3;10;3;1;3;3;6;3;2;7;21;18;17;16;3;7;4;4;5;5;9;34;14;12;27;17;16;10;21;14;6;8;21;52;50;11;15;17;14;6;9;17
ARMENIA;EUROPA;5;0;0;0;4;0;2;0;2;0;2;3;5;1;2;4;1;1;1;1;2;0;0;5;2;0;0;0;6;1;0;0;1;1;2;2;4;10;0;1;3;0;0;0;1;2;1;0;1;3;0;2;1;2;1;0;1;4;0;6;2;0;2;2;1;2;1;0;11;0;1;25;1;4;0;0;1;17;4;3;7;3;15;1;39;0;5;2;2;0;0;0;0;0;2;2;10;6;4;2;6;1;3;2;5;3;0;4;4;1;1;1;0;1;5;0;0;2;1;1;6;3;4;2;3;2;1;1;1;2;1;1;6;2;2;0;0;0;0;0;0;0;0;1;0;0;0;0;0;0;0;0;0;0;0;0;0;0;1;0;0;4;1;0;1;0;1;2;1;0;2;0;1;3;0;2;0;1;2;3;1;0;2;3;2;2;3;3;1;1;5;4;6;4;2;4
AUSTRIA;EUROPA;1.250;997;731;460;238;181;273;413;337;565;915;1.148;1.226;973;609;374;195;181;267;386;374;520;920;869;895;1.070;646;369;316;226;321;409;296;570;909;782;942;984;745;432;334;253;291;364;338;502;999;996;1.009;813;664;491;305;237;301;477;380;496;1.055;950;1.111;922;602;482;338;245;363;466;415;648;1.067;1.021;1.205;979;670;400;304;276;325;479;361;522;1.079;908;1.082;1.040;765;495;341;202;300;434;473;607;1.075;927;1.041;1.017;806;490;344;220;385;439;413;717;1.109;993;1.152;1.167;951;592;325;208;323;425;443;618;1.222;1.067;1.190;1.063;994;527;383;367;343;419;447;625;1.187;989;1.064;915;339;0;0;0;0;0;0;0;11;66;43;31;22;0;0;0;0;0;0;27;71;144;192;161;158;125;121;75;127;290;220;415;696;714;795;772;567;304;188;97;187;338;245;535;983;893;927;1.024;677;406;243;135;261;289;350;520;996;981;948;950;692;400
AZERBAIJAN;EUROPA;1;0;0;0;0;0;0;1;2;0;0;2;2;0;0;1;0;0;2;0;0;3;1;0;0;10;1;1;0;2;0;0;0;2;0;0;3;0;0;4;0;1;0;0;1;0;3;0;1;4;4;0;1;0;3;0;0;1;0;0;2;3;3;1;1;1;2;1;0;2;3;0;2;0;1;2;0;1;0;0;0;1;1;1;1;0;1;2;2;2;0;0;2;0;0;5;0;1;6;1;2;0;2;0;1;0;0;2;5;0;1;0;1;3;4;0;0;2;0;2;1;2;2;2;3;0;0;1;0;25;0;0;0;0;0;0;0;0;0;0;0;0;0;1;0;0;0;0;0;0;0;0;0;0;0;0;0;0;0;1;0;0;1;0;0;0;1;4;4;0;1;1;1;0;1;0;1;12;7;4;1;2;3;1;3;4;0;0;1;2;7;3;7;0;1;1
BELGICA;EUROPA;1.195;1.020;724;526;272;267;614;430;441;707;1.185;1.367;1.306;1.016;716;475;320;241;541;367;446;794;1.310;1.272;1.178;961;944;561;313;306;558;406;381;807;1.261;1.592;1.211;1.102;1.150;596;437;301;456;474;414;778;1.241;1.499;1.269;964;963;592;347;331;537;474;435;729;1.361;1.377;1.200;998;1.012;746;354;361;590;482;535;848;1.352;1.510;1.262;922;855;655;417;365;671;458;515;871;1.477;1.645;1.263;1.261;1.120;699;428;356;592;480;582;1.127;1.505;1.488;1.395;1.208;1.210;706;436;380;702;612;588;1.005;1.713;1.606;1.520;1.213;1.301;786;500;368;728;640;689;1.221;1.875;1.746;1.406;1.339;1.388;1.009;493;456;697;516;725;1.151;1.795;1.963;1.355;1.133;557;0;0;0;0;0;0;0;31;154;54;37;35;0;0;0;0;0;0;58;155;363;335;295;367;264;175;194;359;248;365;943;1.320;1.138;1.192;1.046;1.018;668;353;287;448;329;480;946;1.708;1.413;1.171;1.247;1.127;630;411;286;573;419;587;1.125;1.641;1.473;1.330;1.246;987;626
BIELORRUSIA;EUROPA;0;0;0;0;0;0;0;0;0;0;0;0;0;0;0;0;0;0;0;0;0;0;0;0;0;0;0;0;0;0;0;0;0;0;0;0;0;0;0;0;0;0;0;0;0;0;0;0;27;55;14;5;1;7;1;8;6;5;20;7;23;11;29;2;6;5;6;10;11;8;25;34;6;8;12;9;8;3;3;5;8;10;15;13;15;13;13;0;0;0;0;0;0;0;0;0;0;0;0;0;0;0;0;0;0;0;0;0;0;0;0;0;0;0;0;0;0;0;0;0;32;32;18;14;13;12;11;10;16;31;21;28;37;33;15;0;0;0;0;0;0;0;0;0;0;2;0;0;0;0;0;0;0;0;1;6;5;3;2;9;1;1;1;6;3;0;8;8;6;6;0;0;1;0;6;8;4;4;7;11;6;9;0;0;7;3;11;0;0;3;15;5;18;9;0;7
BOSNIA-HERZEGOVINA;EUROPA;1;2;2;1;0;3;0;0;0;0;1;3;11;6;0;1;0;3;1;0;3;4;6;5;5;7;2;0;3;2;2;2;4;4;7;3;7;4;1;1;0;3;2;1;4;28;4;5;8;5;4;2;5;2;3;5;5;2;1;2;0;8;7;8;7;1;8;4;1;19;7;9;14;6;2;2;0;7;4;3;6;7;5;9;6;3;6;3;5;2;5;2;3;2;7;2;9;5;8;5;2;7;4;5;0;5;3;6;7;3;7;8;12;2;3;2;2;6;4;6;8;16;9;15;5;2;3;0;9;34;8;6;6;13;4;0;0;0;0;0;0;0;0;1;0;0;1;0;0;0;0;0;0;1;2;3;1;0;4;1;1;0;1;1;1;6;4;2;11;6;4;3;1;1;3;1;5;16;11;3;17;5;8;7;4;1;7;8;2;14;8;11;11;13;13;7
BULGARIA;EUROPA;75;57;45;26;29;31;17;16;22;40;56;61;130;46;34;19;30;17;17;26;21;25;70;70;101;66;61;44;27;25;18;29;29;46;53;49;105;69;76;55;29;33;20;55;33;83;90;104;113;72;67;45;28;23;27;54;38;41;81;50;100;71;67;51;45;43;28;49;40;73;72;119;123;106;94;58;35;30;35;20;35;95;100;91;182;83;69;71;38;27;23;23;52;47;115;71;173;82;76;65;42;26;30;53;37;71;80;139;161;107;97;92;23;26;30;39;52;54;152;95;120;107;138;88;37;54;30;58;40;55;127;126;133;104;58;0;0;0;0;0;0;0;1;5;15;9;10;0;0;0;0;0;0;0;17;13;29;15;22;12;10;17;9;17;21;20;92;75;58;155;90;60;25;18;26;19;55;50;141;125;133;129;124;80;22;15;18;28;35;92;136;100;178;131;157;101
CHIPRE;EUROPA;13;2;3;5;3;9;2;1;3;3;6;8;11;15;4;8;5;4;1;4;2;6;9;11;5;16;10;5;3;9;8;8;5;7;3;7;4;11;3;4;1;5;8;1;4;1;8;16;10;11;10;4;8;6;2;7;8;4;5;9;14;9;8;8;4;4;3;6;13;5;10;20;5;10;6;9;3;7;2;2;2;8;10;14;20;7;9;7;5;6;9;4;9;7;15;23;13;5;14;13;8;4;4;12;3;9;10;17;9;20;9;11;6;8;4;4;7;8;16;28;10;10;11;15;4;9;10;23;6;23;17;21;17;13;6;0;0;0;0;0;0;0;0;0;1;0;1;0;0;0;0;0;0;1;4;4;9;3;3;5;4;1;3;7;2;12;28;23;16;13;10;10;9;3;7;10;4;10;28;30;26;31;41;12;16;10;14;16;13;13;32;42;37;12;29;15
CIUDAD DEL VATICANO;EUROPA;0;0;0;0;0;1;0;1;0;0;1;0;0;0;0;0;0;1;1;0;0;0;2;0;0;0;0;0;0;0;0;0;0;0;0;2;0;2;0;1;1;1;0;0;0;0;1;0;0;0;0;0;0;1;0;1;0;1;0;1;0;0;0;0;2;0;0;1;0;1;0;0;0;2;0;0;0;0;0;1;0;0;0;1;1;0;0;0;0;0;0;0;1;0;2;0;0;0;0;2;2;3;0;2;0;4;4;1;18;1;3;0;0;1;1;0;1;0;0;1;1;1;0;0;2;0;0;0;0;0;0;1;0;0;1;0;0;0;0;0;0;0;0;0;0;0;0;0;0;0;0;0;0;0;0;0;0;0;0;0;0;0;0;0;0;0;0;0;1;0;0;0;0;0;0;2;0;0;0;0;1;0;1;0;1;1;1;0;0;0;0;0;0;0;0;0
CROACIA;EUROPA;88;47;73;45;23;24;42;27;38;26;60;60;118;42;51;52;47;39;35;45;46;53;52;73;93;63;49;36;36;26;37;33;36;61;70;102;82;60;68;60;41;38;19;39;55;38;56;54;135;43;42;29;29;14;16;35;22;82;49;61;64;52;47;30;23;35;21;19;33;26;51;91;77;43;48;41;25;29;17;38;35;111;77;97;91;73;46;31;36;26;34;33;24;59;112;107;156;91;83;47;27;30;24;122;41;77;113;90;137;85;124;46;17;20;36;56;72;57;104;120;162;89;93;88;49;52;48;38;46;128;86;109;154;87;47;0;0;0;0;0;0;0;4;9;5;3;4;0;0;0;0;0;0;3;8;34;15;13;29;23;26;14;19;20;30;55;82;103;71;56;86;48;33;20;35;50;56;62;139;71;153;104;154;81;35;34;53;53;57;104;106;134;142;177;135;121
DINAMARCA;EUROPA;1.016;809;484;331;172;220;247;153;172;356;496;554;911;651;483;293;245;169;169;163;155;427;480;521;764;767;605;333;178;196;161;159;187;377;449;626;847;699;524;376;224;161;242;164;192;454;513;580;760;660;801;318;210;170;164;174;299;268;424;648;759;738;511;322;225;168;183;222;216;422;485;581;665;647;569;318;190;206;217;135;214;453;610;645;645;598;628;365;232;174;175;190;216;435;437;601;812;686;668;325;227;184;255;258;216;345;503;602;862;782;746;362;235;163;278;241;257;427;769;785;767;899;691;430;253;302;267;179;245;468;568;669;736;522;332;0;0;0;0;0;0;0;8;52;23;21;16;0;0;0;0;0;0;27;72;161;167;136;120;134;99;100;95;111;159;367;531;461;619;480;543;257;146;104;144;105;177;380;522;517;681;751;665;292;175;99;154;138;209;402;579;604;791;781;626;407
ESCOCIA;EUROPA;4;5;8;5;6;6;6;2;7;4;7;11;5;8;9;10;6;3;2;2;6;3;10;10;3;11;10;1;2;1;6;5;0;1;7;8;14;7;1;4;1;4;4;0;0;1;4;6;4;1;1;0;0;0;0;0;0;0;1;0;0;1;0;7;0;1;0;0;0;1;0;0;3;0;0;0;1;0;0;0;2;0;0;0;0;0;0;0;0;0;0;0;0;0;0;0;0;2;0;0;0;0;0;0;0;0;0;0;0;0;0;0;0;0;0;0;0;0;0;0;0;0;0;0;0;0;0;0;0;0;0;0;0;0;0;0;0;0;0;0;0;0;0;0;0;0;0;0;0;0;0;0;0;0;0;0;0;0;0;0;0;0;0;0;0;0;0;0;0;0;0;0;0;0;0;0;0;0;0;0;0;0;0;0;0;0;0;0;0;0;0;0;0;0;0;0
ESLOVAQUIA;EUROPA;104;81;128;78;25;32;26;53;57;44;196;84;124;95;57;52;21;23;30;31;34;35;103;77;144;121;86;70;35;33;22;20;92;50;90;67;110;132;70;106;39;25;36;42;47;45;157;92;135;183;89;165;55;46;47;47;47;66;157;92;95;98;86;122;48;28;29;42;44;76;167;103;90;101;108;150;45;31;35;34;85;99;185;111;123;188;139;70;63;48;81;65;37;63;157;115;113;108;105;117;53;23;37;68;93;93;274;119;192;144;173;91;80;23;52;38;108;129;235;168;218;183;145;103;114;62;53;73;98;200;272;161;179;198;144;0;0;0;0;0;0;0;0;13;6;13;11;0;0;0;0;0;0;3;12;22;16;27;34;22;13;11;13;21;61;138;203;111;184;176;172;98;39;30;45;31;105;142;288;150;244;279;232;167;76;20;51;56;75;110;356;211;266;282;148;156
ESLOVENIA;EUROPA;96;150;101;60;43;37;56;46;42;84;62;103;91;75;62;60;25;12;21;53;26;82;72;67;110;65;89;17;23;11;60;67;43;63;80;68;55;103;104;40;14;17;23;56;36;46;83;62;64;78;50;42;30;9;26;71;26;36;71;42;69;67;69;51;47;18;44;66;45;52;115;81;76;41;58;33;59;22;20;60;33;70;57;58;93;107;88;64;26;21;30;94;70;85;148;69;106;104;117;84;50;15;52;121;27;72;130;114;106;92;79;49;60;17;34;120;58;129;157;166;179;67;108;50;65;39;84;88;34;134;134;107;164;82;25;0;0;0;0;0;0;0;5;4;3;1;2;0;0;0;0;0;0;2;11;12;15;27;12;8;14;7;20;47;47;63;93;85;102;111;61;32;37;18;37;76;53;133;136;100;138;109;82;77;45;47;73;103;104;121;173;117;126;139;125;79
ESPAÑA;EUROPA;6.205;4.567;4.848;3.992;2.758;2.618;3.495;3.783;3.557;4.667;7.849;6.165;5.961;4.248;4.202;3.671;2.738;2.364;3.284;3.829;3.724;4.736;7.592;5.525;5.240;4.573;5.281;4.405;3.299;2.946;3.546;3.746;3.809;4.728;7.859;6.211;6.202;4.662;6.254;4.673;3.725;3.793;4.461;4.383;4.498;5.717;7.680;6.598;7.038;5.070;7.102;5.288;4.306;4.072;4.750;5.028;5.237;6.867;9.039;7.346;7.302;6.025;7.693;5.790;4.509;3.988;5.478;5.185;5.454;7.249;8.574;7.930;7.504;5.722;7.159;5.149;4.030;3.999;4.943;5.078;5.123;6.628;9.899;8.128;7.563;6.280;7.683;5.597;4.363;4.080;5.266;5.268;5.701;7.510;10.377;8.299;7.993;6.305;6.835;6.340;4.489;3.996;5.300;8.325;5.556;6.951;9.628;8.972;7.940;6.053;7.559;5.639;4.452;4.154;5.096;5.938;5.990;7.661;10.903;9.896;8.218;6.331;7.554;7.652;4.944;4.747;5.586;7.389;6.596;7.676;10.101;9.887;7.970;5.899;3.087;0;0;0;0;0;0;0;0.462;1.502;0.944;0.590;0.636;0;0;0;0;0;0;0.720;1.686;2.460;1.923;1.923;2.613;2.820;2.392;2.019;2.801;3.163;3.225;4.658;7.339;6.956;6.213;5.224;6.343;4.275;3.104;2.933;3.329;4.087;3.947;5.907;8.890;8.802;6.878;5.815;8.080;5.142;3.918;3.160;4.311;5.452;5.042;6.995;10.317;9.942;7.743;6.159;6.969;6.590
ESTONIA;EUROPA;81;30;14;11;9;4;17;1;19;15;18;23;28;20;14;11;10;2;2;6;10;16;25;43;18;38;38;14;2;44;4;6;10;13;27;40;75;33;54;14;12;18;10;13;6;80;79;17;73;36;42;17;15;11;6;15;7;25;37;19;64;28;28;27;8;4;9;7;11;19;43;49;50;30;40;16;9;6;10;4;18;31;38;29;34;47;44;27;17;14;7;9;12;21;56;47;59;46;60;18;20;15;13;11;26;39;59;71;82;62;36;37;12;5;7;15;28;50;61;43;102;42;87;55;33;30;11;11;26;60;121;72;120;66;49;0;0;0;0;0;0;0;2;7;0;1;0;0;0;0;0;0;0;1;10;18;11;13;19;14;8;13;7;12;14;23;61;54;93;49;44;14;11;11;7;9;48;68;81;72;98;67;54;20;18;8;8;12;34;45;107;59;102;116;61;27
FEDERACION RUSA;EUROPA;489;199;271;145;111;113;115;155;165;166;270;383;438;236;333;139;115;151;100;125;115;231;292;354;482;460;461;361;181;163;243;278;213;316;618;568;782;825;700;380;312;172;266;308;258;395;579;815;1.196;757;541;477;241;221;233;362;246;392;585;1.047;1.242;618;714;457;324;216;239;422;295;467;689;898;955;390;470;457;334;182;219;393;251;462;584;630;886;602;672;493;244;306;208;385;255;363;620;752;893;558;660;439;321;244;248;435;259;354;747;845;1.271;755;830;618;435;336;254;397;338;404;841;1.142;1.501;869;1.081;814;700;472;326;493;387;740;986;1.081;1.578;905;609;0;0;0;0;0;0;0;30;96;66;84;71;0;0;0;0;0;0;35;98;186;145;142;117;138;133;92;146;179;189;305;505;726;916;621;748;443;287;234;379;334;308;521;786;989;1.148;1.060;1.071;606;392;356;358;425;438;608;930;1.134;1.704;1.370;1.293;740
FINLANDIA;EUROPA;387;364;316;203;153;163;138;131;129;262;454;335;360;296;270;194;155;116;115;129;160;250;416;370;373;341;317;233;189;133;98;133;161;313;388;425;356;311;300;272;180;126;120;163;151;272;384;436;410;355;406;218;181;105;130;152;149;299;439;448;321;282;305;201;182;115;142;154;197;359;394;554;370;285;281;203;155;137;108;145;175;308;443;462;377;317;282;273;197;143;108;161;159;286;445;358;397;266;361;227;169;128;114;159;195;279;476;430;376;329;314;240;195;155;154;146;212;302;535;474;436;332;381;217;269;257;121;152;209;277;395;487;387;304;179;0;0;0;0;0;0;0;15;24;12;15;9;0;0;0;0;0;0;15;64;58;89;58;63;85;90;76;65;90;123;234;397;281;274;192;355;183;143;95;91;82;222;226;355;307;306;254;237;208;151;90;70;71;201;179;354;340;263;239;247;234
FRANCIA;EUROPA;8.436;7.475;5.840;4.250;2.822;2.251;4.250;4.181;2.844;4.545;6.819;7.417;8.532;7.566;5.196;3.844;2.673;2.070;3.696;3.961;3.025;4.653;7.322;7.553;7.449;7.542;5.962;4.488;2.890;2.402;3.565;3.527;2.839;4.931;7.752;7.646;8.512;7.384;6.221;4.139;2.623;2.312;3.535;3.272;2.645;4.731;7.054;7.792;8.503;7.053;6.069;4.064;2.814;2.284;3.616;3.631;2.804;5.097;7.385;7.553;8.138;7.720;6.395;4.773;3.627;2.663;4.028;3.930;3.035;5.667;8.002;8.638;8.666;7.912;6.573;4.743;3.239;2.938;4.316;4.103;3.456;6.126;8.774;9.149;9.023;9.349;7.566;5.666;3.774;2.981;4.581;4.834;3.542;6.570;9.689;9.554;10.353;9.777;8.575;6.294;3.847;2.899;4.829;5.940;3.815;7.336;9.930;10.163;10.400;10.174;8.497;6.601;4.558;2.766;4.615;5.666;4.214;7.220;11.493;10.993;10.511;10.152;9.049;7.125;4.537;3.641;5.216;5.268;3.899;7.233;10.399;10.055;9.308;9.097;4.593;0;0;0;0;0;0;0;134;958;451;278;190;0;0;0;0;0;0;372;894;1.802;1.435;2.116;1.922;1.891;1.611;1.118;2.008;2.221;2.079;4.262;6.612;6.801;7.562;7.378;7.179;4.705;3.206;2.007;2.923;2.984;2.885;5.560;8.009;8.381;7.902;8.186;7.488;5.246;3.352;2.067;3.421;3.517;3.070;6.219;8.332;8.100;7.880;7.692;6.097;4.888
GALES;EUROPA;1;1;2;2;0;1;0;0;0;0;6;0;0;5;1;2;0;0;0;0;0;0;2;0;2;0;0;1;0;0;1;0;1;0;0;0;2;1;16;0;0;1;0;0;0;0;0;17;0;0;0;0;0;0;0;0;0;0;0;0;0;0;0;0;0;0;0;0;0;0;0;0;0;0;0;0;0;0;0;0;0;0;0;0;0;0;0;0;0;0;0;0;0;0;0;0;0;0;0;0;0;0;0;0;0;0;0;0;0;0;0;0;0;0;0;0;0;0;0;0;0;0;0;0;0;0;0;0;0;0;0;0;0;0;0;0;0;0;0;0;0;0;0;0;0;0;0;0;0;0;0;0;0;0;0;0;0;0;0;0;0;0;0;0;0;0;0;0;0;0;0;0;0;0;0;0;0;0;0;0;0;0;0;0;0;0;0;0;0;0;0;0;0;0;0;0
GEORGIA;EUROPA;0;0;1;0;4;1;1;0;1;0;0;0;2;1;0;1;0;3;0;2;3;0;1;0;13;1;1;3;1;1;0;3;0;6;3;1;1;0;1;1;0;4;3;3;1;0;6;2;2;2;78;1;0;2;3;3;45;3;2;1;1;1;2;5;2;0;0;1;4;0;1;1;2;0;0;8;2;6;3;5;3;5;3;3;4;4;3;11;2;3;4;7;6;15;11;10;4;6;9;8;9;2;0;5;5;5;5;4;1;1;4;1;4;1;2;1;1;2;17;10;4;2;3;3;4;3;1;4;11;13;1;11;15;6;9;0;0;0;0;0;0;0;0;0;0;0;0;0;0;0;0;0;0;1;2;0;4;1;2;1;6;3;1;23;2;4;16;6;3;10;8;6;8;1;5;6;8;2;14;9;14;8;9;8;8;2;8;5;1;3;15;16;11;8;10;5
GRECIA;EUROPA;195;139;172;113;61;37;58;93;45;90;124;187;194;133;82;72;48;58;108;52;62;53;99;224;154;131;114;126;47;39;93;94;59;115;80;146;138;96;114;81;49;49;41;75;39;63;81;135;165;114;102;64;34;41;42;60;31;78;114;115;103;126;127;81;57;59;60;59;52;111;95;175;123;82;128;76;47;49;53;108;54;109;122;210;182;170;190;81;67;45;83;121;83;91;159;256;275;155;124;103;62;47;72;170;88;121;168;181;181;128;157;120;46;52;87;94;90;111;161;250;242;157;166;168;82;118;147;126;146;156;169;287;206;140;85;0;0;0;0;0;0;0;1;18;9;11;8;0;0;0;0;0;0;11;19;51;25;29;43;67;42;26;34;71;49;75;177;141;180;198;172;105;43;35;43;101;46;99;251;233;224;244;213;144;121;97;116;142;71;112;204;324;256;222;197;151
HOLANDA;EUROPA;2.857;1.967;1.834;1.084;760;631;931;678;763;1.662;2.550;2.713;2.857;1.987;1.440;940;719;434;857;581;657;1.475;2.731;2.394;2.545;2.020;1.584;973;709;502;763;626;589;1.539;2.595;2.929;2.782;1.712;1.454;1.027;831;501;802;577;707;1.400;2.426;2.183;2.710;1.732;1.436;980;699;498;682;588;568;1.240;2.128;2.172;2.491;1.784;1.379;988;863;487;872;659;851;1.458;2.224;2.457;2.427;1.563;1.531;1.032;673;623;877;747;656;1.469;2.368;2.627;2.384;2.140;1.637;1.247;792;615;1.001;778;841;1.821;3.084;3.070;2.801;2.207;1.882;1.325;789;578;1.006;937;882;1.845;3.126;3.164;3.037;2.334;2.155;1.465;925;594;1.075;862;1.047;1.968;3.687;3.348;3.433;2.509;2.320;1.581;947;817;1.180;792;983;1.937;3.113;3.084;2.853;2.144;1.133;0;0;0;0;0;0;0;50;183;60;31;36;0;0;0;0;0;0;85;268;514;532;602;551;501;394;343;534;455;664;1.512;2.601;2.472;2.955;2.366;2.095;1.170;686;414;579;540;690;1.760;2.905;2.942;3.139;2.697;2.072;1.406;779;453;861;625;932;1.736;2.942;2.936;3.266;2.686;1.917;1.227
HUNGRIA;EUROPA;200;140;109;39;40;16;46;63;36;65;125;80;140;85;53;44;18;18;34;58;26;45;149;89;107;93;81;42;22;20;24;20;52;85;132;71;130;192;153;55;26;27;28;29;31;84;142;108;148;161;120;53;32;26;33;45;44;150;156;103;256;142;110;94;26;39;36;62;45;116;189;118;223;95;129;60;38;40;30;25;48;138;259;149;182;170;116;69;50;36;45;46;62;94;173;132;303;181;166;102;49;37;45;61;54;126;230;112;233;189;163;92;52;56;53;71;92;151;227;151;305;199;188;135;83;82;59;54;84;212;227;210;312;127;156;0;0;0;0;0;0;0;1;13;9;5;3;0;0;0;0;0;0;10;20;28;20;35;25;43;31;15;19;26;37;80;175;131;199;208;139;87;44;21;25;58;85;125;194;191;174;227;310;98;39;44;60;67;78;233;226;209;296;243;143;106
INGLATERRA;EUROPA;6.358;6.565;5.566;3.654;2.601;2.162;2.595;2.453;2.276;3.333;5.191;4.767;5.399;4.906;4.336;3.438;2.339;1.844;2.472;2.224;2.275;3.350;4.849;4.011;5.789;5.917;4.568;4.124;2.642;1.975;1.910;1.893;2.032;3.423;4.766;4.447;5.655;5.525;5.382;3.366;2.227;1.732;1.889;1.838;1.938;3.245;4.890;4.651;4.910;5.519;5.138;3.221;2.056;1.636;1.866;1.990;2.020;3.139;5.160;4.528;5.283;5.132;4.909;3.754;2.430;2.155;2.392;2.403;2.418;4.002;5.146;4.869;5.365;4.679;4.891;3.486;2.328;2.197;2.467;2.453;2.424;4.552;6.076;5.602;5.967;7.474;6.343;3.914;2.525;1.979;2.566;2.348;2.723;4.159;6.384;5.229;7.043;6.210;6.401;4.248;2.410;1.841;2.571;2.867;3.008;5.080;6.892;6.143;7.501;6.893;7.252;4.293;2.720;2.018;2.296;2.623;3.041;5.206;7.852;6.293;8.295;6.761;7.046;5.197;2.789;2.671;2.732;2.559;2.915;5.219;7.056;6.071;6.992;6.124;3.688;0;0;0;0;0;0;0;48;318;56;44;39;0;0;0;0;0;0;102;420;1.033;881;1.086;1.303;1.116;1.062;768;1.091;1.438;1.939;3.388;5.080;4.665;5.674;5.226;5.656;3.336;1.920;1.389;1.766;1.959;2.371;4.167;7.006;5.873;6.387;6.454;7.191;4.209;2.442;1.656;2.234;2.528;2.736;4.892;7.392;5.821;7.350;7.596;5.772;4.675
IRLANDA;EUROPA;675;560;540;485;290;258;364;246;292;365;377;427;546;393;380;314;215;277;300;283;239;293;539;356;340;379;463;331;277;205;248;227;227;313;356;416;428;398;367;289;224;174;228;225;204;291;380;348;380;387;816;308;188;179;232;240;234;337;507;449;493;339;425;340;329;311;367;259;260;437;545;423;533;398;540;391;263;296;305;295;303;452;638;530;605;510;543;341;235;222;317;310;303;451;686;485;519;477;568;404;272;232;315;310;347;543;589;494;653;539;698;414;330;257;367;303;310;563;722;695;765;585;681;545;353;346;353;309;373;531;649;668;728;474;337;0;0;0;0;0;0;0;5;36;15;10;8;0;0;0;0;0;0;7;47;93;67;81;122;131;103;92;148;237;275;471;642;556;692;495;668;426;283;184;222;229;308;512;781;623;731;683;778;507;315;205;285;285;371;543;842;693;927;709;670;479
ISLANDIA;EUROPA;41;13;24;35;19;12;12;7;15;23;15;14;30;27;13;15;17;12;6;18;13;12;35;11;48;31;27;67;32;12;20;13;22;18;28;24;47;20;70;31;20;6;14;13;15;31;24;63;41;48;22;23;16;13;5;10;12;15;48;30;25;14;25;9;13;11;15;2;5;31;28;33;38;24;31;27;17;16;32;5;10;15;30;53;25;16;61;12;8;13;12;8;17;22;48;33;28;32;20;20;6;20;17;18;25;31;42;23;33;33;30;27;15;9;13;11;18;16;27;50;26;29;34;17;22;20;13;10;16;18;20;59;31;28;13;0;0;0;0;0;0;0;0;2;1;0;7;0;0;0;0;0;0;0;13;26;23;9;5;14;7;6;6;0;7;26;53;36;68;35;28;16;8;12;5;7;19;75;31;46;140;35;39;21;3;8;6;15;7;23;33;48;100;32;8;15
ITALIA;EUROPA;4.463;2.530;2.219;1.517;1.151;1.052;1.419;2.379;1.394;1.863;3.398;4.092;4.381;2.679;1.835;1.356;1.175;1.007;1.237;2.302;1.432;2.045;3.362;3.792;3.776;2.660;2.453;1.476;1.334;1.294;1.512;2.198;1.598;2.036;3.373;3.454;4.310;2.743;2.692;1.895;1.445;1.249;1.523;2.378;1.628;2.228;3.081;3.368;4.154;2.760;2.857;1.985;1.466;1.379;1.641;2.312;1.604;2.314;3.925;3.737;3.834;2.883;2.728;2.085;1.654;1.423;1.805;2.590;1.790;2.689;3.626;4.233;4.314;3.081;2.764;2.209;1.615;1.614;1.928;2.808;1.884;2.788;3.784;4.723;4.527;3.699;3.347;2.590;2.476;1.956;2.140;3.833;2.678;3.314;5.297;5.666;5.831;4.056;3.897;3.234;2.342;1.968;2.414;4.558;3.001;3.823;5.231;5.776;6.298;4.356;4.134;3.111;2.170;2.002;2.491;4.775;2.760;3.489;5.270;6.261;6.004;4.030;3.826;3.312;2.223;2.122;2.448;5.357;2.897;3.489;4.090;5.632;4.968;3.153;1.195;0;0;0;0;0;0;0;108;403;211;199;226;0;0;0;0;0;0;206;513;823;695;671;903;954;950;828;1.047;1.700;1.479;2.177;3.121;3.857;4.040;2.903;3.203;1.996;1.502;1.319;1.620;3.087;1.936;2.595;4.440;4.967;4.893;3.802;3.911;2.693;2.102;1.751;2.253;4.289;2.432;3.199;4.770;6.130;5.929;3.978;3.610;2.934
LETONIA;EUROPA;42;48;36;13;13;6;7;7;14;12;23;20;34;29;15;20;8;4;6;4;10;14;47;31;25;17;24;31;3;12;4;4;19;12;33;18;25;25;55;23;10;28;12;22;13;29;45;22;36;38;28;7;20;5;15;9;7;20;20;29;36;27;28;17;14;9;18;10;17;44;83;68;42;25;28;16;15;11;8;11;15;23;41;52;18;40;30;12;15;21;18;5;6;49;112;46;55;51;59;35;24;9;7;18;10;25;122;51;85;36;24;24;15;17;13;25;69;38;105;55;40;54;57;44;28;30;13;12;21;68;119;68;94;74;33;0;0;0;0;0;0;0;1;4;3;1;7;0;0;0;0;0;0;1;13;9;14;9;21;10;6;2;3;3;16;21;99;72;50;102;33;27;14;12;12;12;22;32;114;34;39;69;58;81;7;11;8;16;37;72;75;58;75;108;56;27
LIECHTENSTEIN;EUROPA;1;6;11;6;2;0;0;0;1;1;2;5;3;2;1;4;2;0;2;6;1;2;14;14;6;5;5;2;1;1;3;2;2;3;1;9;4;4;4;2;1;2;2;0;2;2;5;5;6;4;1;2;0;1;3;4;2;7;5;5;3;6;10;2;2;2;2;5;7;10;6;6;12;7;7;2;1;0;4;0;0;4;8;10;12;10;9;5;1;2;10;1;0;11;9;9;5;6;8;6;3;1;3;1;5;9;12;10;26;11;7;3;1;4;2;5;3;9;10;7;16;10;14;3;4;2;4;0;2;6;7;16;6;4;7;0;0;0;0;0;0;0;0;0;0;0;0;0;0;0;0;0;0;0;0;2;0;0;0;1;1;2;1;1;0;8;4;6;5;5;6;2;2;1;2;5;5;4;6;4;10;7;4;6;3;2;1;2;1;5;7;7;7;8;9;1
LITUANIA;EUROPA;84;84;32;23;22;37;21;19;13;19;26;30;39;26;24;29;6;12;8;18;12;22;23;24;43;33;16;24;23;12;12;14;12;33;39;51;50;61;37;29;9;11;7;9;15;15;38;46;69;67;54;28;26;14;26;13;19;26;60;48;86;24;36;19;17;7;27;14;19;76;46;66;63;41;53;9;9;13;20;28;21;51;76;66;86;84;54;46;14;32;25;8;40;47;64;64;92;77;58;32;31;27;28;31;37;45;113;93;114;91;86;47;21;29;22;17;35;52;126;87;146;117;89;91;49;22;37;26;50;87;137;92;137;96;47;0;0;0;0;0;0;0;0;8;3;2;10;0;0;0;0;0;0;2;4;22;35;15;29;17;17;17;11;42;18;30;108;66;178;117;98;57;21;12;24;21;25;68;101;92;139;148;105;46;33;23;23;20;37;100;176;143;216;134;95;87
LUXEMBURGO;EUROPA;32;45;23;14;1;4;14;39;12;19;43;49;67;27;21;13;9;3;12;14;14;33;39;36;18;28;36;23;6;5;20;21;32;15;35;37;77;42;27;22;7;6;18;23;11;24;47;29;44;25;51;13;9;6;13;19;7;18;48;39;34;41;34;40;8;5;18;34;16;24;57;44;31;77;23;28;10;7;31;20;20;29;53;47;42;71;59;23;11;12;14;30;11;45;69;111;88;63;42;60;12;10;15;56;20;36;74;66;73;87;59;51;18;13;25;64;21;36;80;73;82;58;87;45;20;11;18;36;18;74;63;111;77;56;23;0;0;0;0;0;0;0;0;7;8;0;0;0;0;0;0;0;0;0;7;15;12;10;11;13;2;5;3;14;7;15;41;63;45;36;42;42;10;13;6;36;17;37;69;50;48;76;56;32;21;18;23;40;20;46;77;87;72;57;69;55
MACEDONIA;EUROPA;1;3;1;0;0;3;1;0;1;0;2;5;9;3;2;1;3;4;1;1;1;4;0;2;6;8;3;1;1;0;0;1;1;3;3;5;6;5;8;0;3;2;1;0;1;1;0;1;4;12;8;19;2;1;0;4;3;5;2;3;10;11;7;3;1;4;1;11;6;5;4;7;6;6;7;2;1;2;4;1;5;6;9;4;6;2;7;2;1;4;0;1;5;3;6;6;25;5;5;1;1;5;1;2;1;3;7;6;24;12;11;4;1;1;1;4;4;2;9;4;15;5;9;13;2;3;3;2;6;18;3;9;13;6;5;0;0;0;0;0;0;0;0;1;0;0;0;0;0;0;0;0;0;0;0;2;2;0;1;1;0;1;2;0;1;7;6;10;12;9;8;9;4;0;4;5;5;5;15;13;10;9;10;2;2;0;1;1;2;9;20;12;18;15;16;3
MALTA;EUROPA;35;33;14;23;4;2;6;4;3;5;2;6;22;16;12;3;4;5;2;1;6;5;3;18;28;21;14;5;6;2;3;2;3;3;13;3;27;28;13;7;30;2;1;5;14;3;6;26;41;32;14;11;3;2;13;7;9;12;13;9;38;18;16;7;5;2;9;8;8;8;14;9;15;12;13;1;9;7;16;16;10;20;9;10;26;10;24;8;3;8;17;11;16;15;8;14;28;32;9;12;5;3;24;9;14;23;17;26;19;25;18;10;6;5;11;6;25;8;21;26;19;18;27;16;10;13;11;15;41;22;21;16;40;30;11;0;0;0;0;0;0;0;0;0;1;1;0;0;0;0;0;0;0;0;3;4;5;3;7;3;1;2;3;6;17;10;35;27;33;24;27;5;5;3;0;7;15;12;27;26;38;45;32;7;13;13;5;12;24;13;23;53;48;45;19;18
MOLDAVIA;EUROPA;1;0;0;0;1;2;2;0;0;1;0;1;3;2;1;0;1;0;0;1;1;0;2;3;1;3;2;1;1;0;1;2;5;1;2;7;1;0;3;0;3;1;1;2;1;1;2;4;2;0;0;1;2;0;0;2;5;1;1;3;3;1;2;0;1;0;0;6;3;0;5;3;3;5;4;2;5;3;6;2;2;1;5;4;6;2;5;3;3;3;2;8;1;3;2;7;11;9;0;5;6;3;3;7;2;1;16;5;3;4;5;4;7;3;5;1;8;13;14;7;3;4;7;4;4;3;1;5;2;12;7;9;10;3;4;0;0;0;0;0;0;0;0;1;1;2;1;0;0;0;0;0;0;2;0;1;0;0;1;2;2;0;0;1;1;7;8;3;19;16;4;0;2;1;0;2;2;2;4;13;16;8;4;11;6;3;0;2;1;1;13;10;15;4;7;2
MONACO;EUROPA;20;5;0;3;0;0;2;0;2;2;1;1;2;0;0;0;1;0;1;1;0;1;6;1;3;0;1;0;0;0;3;0;2;12;0;1;1;3;4;0;1;0;0;0;4;0;4;3;5;5;1;2;1;1;1;3;2;2;0;0;0;2;8;0;1;11;1;1;0;1;5;2;11;1;5;0;0;0;1;9;0;8;3;6;4;4;2;0;0;0;0;0;0;0;0;0;0;0;0;0;0;3;0;1;5;4;8;0;6;9;2;1;0;0;0;1;0;2;2;3;0;0;4;1;2;0;0;2;5;4;8;8;3;6;4;0;0;0;0;0;0;0;0;0;0;0;0;0;0;0;0;0;0;0;0;0;0;0;2;0;0;0;0;0;1;3;2;1;0;3;3;1;0;0;0;4;3;0;8;6;1;0;1;1;0;0;1;2;3;0;2;0;6;0;2;3
NORUEGA;EUROPA;977;747;563;321;203;289;238;152;240;303;525;1.003;1.101;908;407;257;203;188;213;152;303;420;520;993;989;710;592;383;239;224;258;164;222;390;594;1.028;1.040;737;639;373;222;230;242;210;315;419;684;1.065;983;743;639;307;194;267;253;225;271;380;549;906;874;652;514;331;188;294;238;229;290;416;438;1.119;853;696;466;268;204;276;262;182;275;399;477;921;892;713;661;294;178;249;228;173;296;420;507;918;904;741;557;311;184;224;224;200;245;346;571;868;963;702;620;272;158;222;218;206;284;532;642;1.061;906;698;832;442;189;293;265;197;308;337;471;1.003;804;538;208;0;0;0;0;0;0;0;15;52;32;22;28;0;0;0;0;0;0;43;117;224;211;176;174;194;109;118;120;139;239;262;396;646;733;506;429;230;124;163;152;133;173;266;455;662;704;538;479;239;159;192;188;150;274;331;555;889;811;577;411;280
POLONIA;EUROPA;652;628;420;208;173;121;194;283;231;299;629;453;630;608;430;197;162;124;104;156;193;272;772;319;681;584;490;212;130;111;120;169;170;194;766;360;682;572;437;295;139;104;117;122;135;296;669;462;743;557;419;323;304;127;182;200;168;301;652;370;657;522;581;303;268;167;264;255;574;440;1.517;973;684;863;700;460;244;160;204;260;224;469;1.086;633;900;1.140;635;431;237;166;180;197;256;440;1.075;594;1.061;997;770;500;244;143;190;294;388;440;1.315;713;1.249;868;964;689;295;174;208;270;331;504;1.465;899;1.374;1.218;991;736;471;430;292;442;472;783;2.166;990;1.379;1.253;652;0;0;0;0;0;0;0;16;59;27;17;16;0;0;0;0;0;0;21;114;99;140;145;177;109;126;70;94;143;167;362;1.006;558;955;924;765;393;230;142;215;193;260;660;1.599;907;1.276;1.401;1.056;774;390;225;311;326;409;610;1.850;959;1.732;1.650;1.223;486
PORTUGAL;EUROPA;550;332;350;298;192;191;201;210;207;343;419;273;594;291;212;245;165;215;178;297;238;379;594;412;545;427;444;326;245;237;284;285;302;411;678;446;637;350;470;371;274;256;264;391;316;415;650;519;718;442;656;448;403;325;328;407;326;442;543;497;695;516;590;502;323;281;363;367;372;502;697;648;721;527;613;583;394;332;365;435;426;660;954;769;842;622;720;607;434;391;398;589;562;663;1.026;617;967;598;718;723;491;447;498;857;625;737;1.004;926;1.026;734;768;748;500;406;451;564;548;772;1.101;1.068;1.110;669;829;885;599;446;536;618;614;951;1.036;985;1.122;645;293;0;0;0;0;0;0;0;37;96;94;45;62;0;0;0;0;0;0;52;156;188;156;164;254;292;262;230;291;306;324;691;788;769;789;748;631;497;348;279;404;412;490;715;896;883;967;688;817;630;569;406;478;489;450;805;929;874;1.041;699;795;752
RUMANIA;EUROPA;110;90;112;83;31;37;37;39;86;59;83;126;145;84;76;61;37;42;36;46;70;67;115;88;119;97;113;80;56;25;47;34;82;150;158;150;139;116;148;88;49;27;40;51;69;115;137;109;249;110;84;72;84;43;65;85;76;114;135;153;146;106;117;70;63;43;88;76;50;141;132;169;179;146;129;84;64;60;75;73;94;156;187;240;231;198;186;112;95;57;79;94;77;164;235;195;206;130;237;146;81;56;73;96;95;174;283;332;265;187;168;142;77;76;72;96;166;216;369;281;317;260;228;182;102;149;70;86;86;274;427;300;349;184;135;0;0;0;0;0;0;0;5;23;17;13;13;0;0;0;0;0;0;12;31;55;31;32;38;30;46;31;45;50;55;216;190;245;271;261;199;118;65;41;48;68;106;164;257;341;308;295;398;206;133;75;69;149;194;241;322;317;362;274;333;203
SAN MARINO;EUROPA;11;1;0;0;0;0;1;0;0;1;1;1;3;4;2;0;0;1;0;0;0;0;2;3;2;0;7;2;0;0;1;0;0;0;1;0;1;0;4;2;0;0;0;0;0;6;1;2;6;1;2;0;0;0;0;0;1;1;0;1;2;3;1;0;0;2;1;0;0;2;1;8;7;1;2;2;0;0;0;0;1;1;0;9;7;1;1;3;0;0;1;2;1;1;8;9;5;10;3;4;0;0;3;4;0;3;1;13;6;0;0;1;3;1;0;0;4;1;5;4;2;1;0;1;1;1;1;2;1;4;2;5;2;1;1;0;0;0;0;0;0;0;0;0;0;0;0;0;0;0;0;0;0;0;0;0;1;1;4;0;0;0;0;1;1;1;0;12;3;2;3;3;0;2;0;0;1;0;1;8;5;0;3;1;0;3;0;4;2;0;1;3;5;1;4;2
SERBIA;EUROPA;93;34;21;13;19;11;18;18;13;13;34;26;62;30;15;24;5;15;15;9;16;21;15;37;88;42;28;14;12;12;14;11;24;25;30;24;68;60;44;38;24;12;9;16;20;17;15;36;61;40;39;13;22;13;22;24;10;15;41;20;70;59;39;24;25;15;13;17;14;30;25;33;77;30;45;24;20;15;19;17;13;39;41;57;84;56;49;30;22;15;23;14;25;46;44;49;114;63;57;49;14;17;45;31;25;30;54;75;98;82;63;44;32;23;22;29;36;41;57;86;173;93;89;106;46;23;31;46;53;82;74;80;129;44;31;0;0;0;0;0;0;0;5;8;3;5;8;0;0;0;0;0;0;3;11;17;4;19;12;8;20;5;7;9;22;37;45;34;95;63;60;40;51;13;27;13;29;32;78;43;112;121;83;87;48;33;36;26;24;75;56;55;119;109;87;88
SUECIA;EUROPA;2.629;1.313;1.001;503;344;473;378;357;585;687;1.136;2.883;2.371;1.289;843;494;425;281;392;351;644;613;1.294;2.984;2.548;1.411;1.196;545;386;382;367;336;439;656;1.144;2.945;2.416;1.477;1.107;576;371;450;375;394;541;737;1.257;3.172;2.407;1.563;1.229;561;367;377;425;362;584;701;1.133;3.294;2.251;1.700;1.063;565;412;454;387;376;518;638;1.006;3.166;2.350;1.366;859;562;344;529;428;349;524;668;1.200;3.515;2.357;1.726;1.152;644;380;458;416;389;569;679;1.262;3.384;2.281;1.517;867;583;352;411;357;355;610;749;1.285;3.070;2.288;1.352;1.062;530;363;361;364;351;641;695;1.360;3.185;2.160;1.505;983;606;364;470;387;317;600;600;1.124;2.626;1.845;1.186;460;0;0;0;0;0;0;0;27;164;79;66;60;0;0;0;0;0;0;67;136;634;369;278;285;240;177;204;186;240;349;453;864;1.574;1.342;962;783;409;223;274;272;252;403;612;879;1.828;1.555;1.044;693;427;250;303;327;254;459;574;815;2.110;1.516;1.044;704;418
SUIZA;EUROPA;2.893;2.154;1.715;1.044;604;557;603;508;690;1.240;2.253;2.527;3.003;2.116;1.537;891;615;487;722;638;702;1.204;2.339;2.613;2.741;2.280;1.740;1.136;679;508;648;535;824;1.296;2.395;2.704;2.771;2.274;1.879;1.215;721;537;670;632;657;1.345;2.292;2.678;2.813;2.249;1.724;1.061;600;570;758;624;835;1.282;2.391;2.836;2.841;2.270;1.717;1.115;729;481;713;667;800;1.569;2.503;3.026;3.041;2.161;1.604;1.205;677;579;913;635;841;1.820;2.910;3.236;2.975;2.545;1.972;1.333;674;535;785;709;801;1.684;2.907;2.939;3.157;2.747;2.124;1.533;728;525;808;732;847;1.777;2.885;3.210;3.145;2.684;2.095;1.351;851;504;885;770;883;1.551;3.361;3.395;3.379;2.531;2.122;1.369;794;688;907;684;943;1.697;2.828;3.194;2.781;1.902;985;0;0;0;0;0;0;0;30;257;89;105;56;0;0;0;0;0;0;79;208;549;405;390;369;356;259;200;336;357;482;1.070;1.848;2.202;2.351;2.012;1.516;998;560;311;450;401;588;1.484;2.571;2.676;2.661;2.328;1.875;1.166;618;367;569;450;802;1.451;2.544;2.675;2.571;2.182;1.619;1.127
TURQUIA;EUROPA;147;95;148;113;55;115;193;27;35;32;215;115;202;120;112;75;204;36;76;64;50;56;301;130;182;315;180;92;72;53;42;89;46;146;203;149;216;152;239;108;92;71;61;85;119;331;156;152;144;213;185;134;67;66;78;110;52;234;120;124;172;130;198;143;74;76;106;80;89;265;206;195;251;154;171;197;100;70;101;118;117;309;201;200;493;264;246;206;174;129;117;83;234;142;220;246;255;235;227;172;120;159;113;161;120;214;263;257;212;224;303;236;116;99;112;177;224;141;267;277;304;234;410;219;173;216;132;182;224;263;327;269;479;296;146;0;0;0;0;0;0;0;6;20;23;15;34;0;0;0;0;0;0;26;30;61;89;54;81;147;82;107;116;69;98;195;241;323;392;316;197;217;142;88;167;201;172;292;359;290;439;369;432;407;193;244;230;208;192;268;460;474;498;520;476;484
UCRANIA;EUROPA;100;40;56;40;28;16;19;30;19;30;59;52;70;42;57;21;28;30;51;52;32;44;50;83;72;90;73;72;43;37;34;28;24;57;62;91;103;105;123;109;29;26;26;29;36;65;103;94;100;94;63;38;27;26;24;44;35;35;67;90;96;62;82;33;35;28;26;41;20;50;73;66;101;51;57;39;32;17;38;33;41;64;148;146;200;187;142;72;103;78;51;57;70;107;120;215;249;154;183;111;92;67;87;120;68;104;206;202;278;199;223;136;89;67;51;108;145;95;246;324;436;336;263;165;129;125;73;101;135;297;276;332;431;315;165;0;0;0;0;0;0;0;12;43;43;34;23;0;0;0;0;0;0;13;34;60;53;79;70;60;56;33;35;56;39;81;89;147;188;160;135;81;57;46;51;67;73;105;156;199;328;203;214;147;103;49;79;102;93;153;200;234;282;223;232;148
O. EUROPA;EUROPA;962;614;513;339;346;268;262;284;398;345;648;483;836;503;502;347;286;136;279;323;265;361;603;519;499;475;400;214;183;142;110;271;150;258;415;305;660;482;342;311;133;127;190;119;147;254;497;371;533;528;289;224;95;59;76;120;66;179;393;268;472;397;329;191;107;98;80;78;154;213;488;388;398;370;328;117;89;67;127;62;157;388;552;325;592;475;346;194;165;88;102;91;152;210;442;217;503;450;429;272;127;64;103;172;175;247;645;417;671;541;431;238;138;103;128;184;196;286;760;464;607;497;524;443;197;142;152;158;169;374;807;539;767;685;307;0;0;0;0;0;0;0;8;44;37;19;10;0;0;0;0;0;0;17;41;68;88;105;88;76;81;39;76;63;104;186;454;311;513;496;439;209;66;52;80;67;110;227;691;385;543;597;658;247;122;56;142;149;207;276;718;588;716;747;416;285
ARABIA SAUDITA;ASIA;1;0;3;1;6;1;7;0;1;1;9;0;7;3;1;0;1;0;0;4;1;2;4;4;2;12;2;3;6;0;1;1;2;8;21;2;2;6;4;8;0;9;0;5;3;14;5;6;4;10;8;7;18;9;2;3;1;3;4;6;4;3;6;0;4;0;2;2;7;4;8;6;4;2;7;3;9;3;4;4;0;15;5;7;2;9;0;5;3;5;9;1;3;2;8;4;13;6;3;12;0;0;8;5;8;11;6;10;5;6;3;2;2;2;10;1;8;4;2;12;8;3;14;1;5;10;4;7;18;35;4;4;4;1;3;0;0;0;0;0;0;0;1;0;0;1;0;0;0;0;0;0;0;0;2;2;1;1;2;0;9;9;1;0;1;8;11;7;5;3;5;1;13;1;6;49;2;10;11;3;8;25;3;20;20;11;35;9;11;5;15;8;7;10;7;22
BAHREIN;ASIA;1;0;2;0;0;0;0;0;0;2;0;0;0;0;2;2;0;0;0;0;0;0;0;0;0;0;1;0;0;0;0;0;1;0;0;0;0;1;0;1;2;2;0;1;1;0;0;3;0;0;1;3;0;1;1;1;0;1;0;0;1;0;1;1;0;1;1;0;2;5;0;1;0;0;0;0;0;0;6;0;1;17;2;1;2;0;1;1;1;1;2;0;6;6;2;2;8;2;1;2;1;2;3;0;2;4;1;4;3;4;0;5;1;1;5;0;1;4;4;4;2;3;5;0;1;3;1;1;1;5;1;2;3;2;0;0;0;0;0;0;0;0;0;0;0;0;0;0;0;0;0;0;0;0;0;0;0;0;0;0;2;0;0;0;0;1;0;10;0;6;1;1;2;0;1;1;3;0;0;6;5;5;5;2;1;2;0;1;5;1;8;5;11;2;2;0
EMIRATOS ARABES;ASIA;1;1;12;0;0;2;1;0;9;23;9;0;1;3;9;8;15;3;2;0;0;27;7;29;0;3;3;0;0;2;0;2;1;1;0;1;2;5;2;0;2;5;1;0;6;1;5;33;3;4;2;3;3;1;3;2;1;0;20;1;6;6;2;33;2;4;0;14;2;23;12;7;8;2;0;8;1;5;4;6;3;25;0;2;3;6;9;2;2;0;2;4;5;11;15;12;14;5;6;6;5;0;8;4;4;4;10;17;7;13;12;12;3;5;26;36;26;21;15;10;21;7;48;19;3;7;20;16;20;68;8;5;12;4;5;0;0;0;0;0;0;0;0;1;0;1;0;0;0;0;0;0;0;0;1;2;2;0;0;2;3;4;3;0;6;4;5;7;11;6;7;1;6;6;6;15;9;36;11;9;20;4;3;31;1;11;3;2;10;13;15;12;12;5;1;9
IRAK;ASIA;63;0;0;0;0;0;0;1;0;0;1;1;1;0;2;0;0;1;1;0;1;0;2;0;1;1;0;0;0;1;0;1;0;1;0;2;1;0;0;1;1;0;2;1;2;0;1;8;3;1;1;1;2;0;5;0;1;1;1;0;3;1;2;1;1;2;0;1;1;1;2;1;0;0;0;1;0;3;1;1;2;2;1;0;1;3;1;5;0;1;2;0;4;2;7;0;0;0;1;1;0;0;0;4;0;2;0;0;2;1;5;1;0;0;0;3;0;0;1;1;1;0;0;0;0;0;2;2;2;5;0;2;0;0;0;0;0;0;0;0;0;0;1;0;0;0;0;0;0;0;0;0;0;0;0;0;0;0;0;0;2;0;0;0;0;0;1;0;1;0;0;0;0;0;0;0;1;2;2;1;2;0;2;0;1;0;0;1;0;1;3;0;1;1;0;0
IRAN;ASIA;2;8;3;3;6;6;5;5;7;3;5;5;9;2;4;11;5;13;5;8;5;3;12;6;6;3;6;6;3;6;6;6;3;20;6;12;6;6;17;4;9;4;7;3;2;7;12;11;8;9;8;4;3;12;8;3;8;8;7;10;6;4;11;14;5;4;8;3;12;22;10;10;20;1;4;8;12;10;10;13;5;23;8;34;9;7;6;13;7;11;6;111;13;80;15;20;47;22;21;7;13;6;14;34;15;13;14;19;18;21;17;10;7;9;11;9;5;12;35;31;10;15;42;20;12;15;10;12;11;26;13;15;18;8;4;0;0;0;0;0;0;0;0;2;3;0;4;0;0;0;0;0;0;0;0;6;1;2;6;6;4;3;2;1;2;3;5;13;11;5;37;6;17;2;11;15;5;15;13;16;24;6;77;7;17;21;8;7;14;28;16;23;34;22;39;4
ISRAEL;ASIA;4.884;3.896;2.974;1.291;440;245;242;400;585;889;2.110;4.279;4.972;3.627;2.590;1.317;381;168;246;416;555;730;2.417;4.124;5.386;4.492;2.501;1.203;823;308;313;260;326;1.145;2.033;3.987;5.281;3.784;2.632;1.054;430;240;277;270;535;748;1.773;3.411;4.428;3.085;2.383;1.086;354;259;322;430;467;675;1.582;3.337;4.971;3.809;2.498;1.137;426;275;353;306;426;1.053;1.713;3.544;4.967;2.960;2.163;891;297;321;376;368;552;733;1.744;3.534;5.399;3.324;2.397;1.006;370;242;278;386;544;1.305;1.571;3.219;5.251;3.615;1.759;1.046;419;254;306;335;381;675;1.286;3.193;4.849;2.508;1.992;954;424;274;293;354;556;581;1.552;2.542;5.217;4.764;1.918;1.011;422;249;300;289;405;1.337;1.444;2.843;4.176;3.611;899;0;0;0;0;0;0;0;7;24;17;12;20;0;0;0;0;0;0;15;134;304;429;521;435;433;316;125;116;136;330;811;1.766;2.944;5.590;3.119;1.945;867;307;150;182;177;333;320;248;503;726;726;1.168;629;218;105;150;137;282;802;1.266;3.156;4.667;3.280;1.356;684
JORDANIA;ASIA;9;6;6;3;6;4;4;8;2;3;8;2;5;7;2;0;4;4;3;0;12;6;6;6;7;7;8;4;3;3;2;6;4;8;6;11;22;4;14;3;2;1;4;6;1;5;9;5;16;13;9;2;5;3;6;4;4;4;9;7;15;4;8;5;8;8;13;1;4;6;11;8;8;11;9;1;6;4;2;6;3;13;19;8;13;33;8;7;6;8;3;2;9;3;5;7;13;3;10;5;3;2;4;14;5;10;8;7;10;11;6;4;3;3;3;17;14;7;11;9;8;6;5;16;2;7;3;3;7;31;8;4;6;2;7;0;0;0;0;0;0;0;0;1;0;0;0;0;0;0;0;0;0;0;1;2;6;1;3;0;5;2;2;3;0;1;6;4;5;4;7;4;6;1;3;1;2;2;0;5;7;1;8;5;2;1;5;2;0;7;5;10;4;4;3;5
KUWAIT;ASIA;0;0;0;0;0;0;0;0;0;0;2;0;0;0;0;0;0;0;55;0;0;0;0;2;1;8;2;4;3;0;1;0;2;1;0;2;1;3;1;0;0;0;4;2;0;0;4;1;16;8;0;0;3;0;1;4;1;1;1;2;4;4;3;0;0;6;6;1;1;2;0;7;2;0;3;0;0;2;2;1;4;0;0;7;1;17;30;0;4;2;3;1;3;0;5;5;2;0;1;0;0;0;18;0;3;6;6;2;2;2;8;5;0;0;11;8;0;2;6;1;13;1;1;3;0;0;13;7;3;34;6;7;5;3;3;0;0;0;0;0;0;0;0;0;0;0;0;0;0;0;0;0;0;0;0;2;0;0;0;0;0;0;1;0;0;1;5;6;3;6;3;2;1;1;3;3;0;13;0;2;15;1;3;3;3;1;12;10;1;2;4;4;4;3;1;5
LIBANO;ASIA;7;9;11;4;7;4;3;6;11;11;7;16;10;6;3;11;7;5;2;1;3;13;7;8;10;11;11;12;4;3;6;2;5;8;7;10;11;13;14;8;7;9;7;8;5;3;14;20;8;11;5;9;9;4;5;10;5;9;5;12;8;5;5;13;5;9;7;4;9;9;9;12;24;13;4;14;3;7;8;9;10;13;14;26;24;10;19;18;5;6;7;5;12;8;15;15;22;7;22;10;7;9;14;24;14;14;14;36;19;15;17;18;5;7;10;5;11;10;15;22;16;11;17;17;12;7;11;14;6;22;3;9;9;7;10;0;0;0;0;0;0;0;0;2;0;0;2;0;0;0;0;0;0;0;0;2;3;8;1;2;2;1;3;4;7;9;10;7;6;7;9;4;4;1;4;5;9;18;10;21;11;3;11;16;7;7;29;10;7;24;9;4;5;9;7;2
OMAN;ASIA;1;0;0;0;0;0;2;0;0;1;1;1;0;0;0;0;0;0;1;0;1;0;0;0;0;1;0;0;1;0;0;0;0;1;0;0;11;0;0;0;0;4;0;3;0;2;3;1;0;22;2;0;0;0;3;0;2;0;0;0;2;0;0;2;0;1;0;1;0;0;0;11;0;1;0;0;2;1;1;0;2;1;0;0;0;0;0;0;0;0;0;0;2;1;2;0;0;1;0;0;0;0;0;0;0;2;0;0;0;0;1;4;0;0;0;0;0;0;2;5;6;0;1;1;0;2;2;0;2;6;0;0;0;0;1;0;0;0;0;0;0;0;0;0;0;0;0;0;0;0;0;0;0;0;0;0;0;0;0;0;0;0;0;0;0;0;0;2;0;0;0;0;2;0;0;0;0;0;0;0;0;0;0;4;1;1;0;7;4;2;1;0;3;3;0;1
QATAR;ASIA;0;0;0;0;0;0;0;0;0;0;0;0;0;0;23;0;3;1;0;0;0;1;0;0;0;4;0;0;1;0;0;0;0;0;0;0;1;0;0;0;0;0;0;0;0;1;0;0;7;1;0;7;3;1;0;1;1;0;0;1;0;2;2;1;0;0;0;1;0;12;24;2;7;1;0;0;1;4;0;0;2;13;1;0;1;0;2;0;0;0;0;2;0;2;4;0;2;0;0;2;3;1;1;0;1;0;0;0;0;0;1;2;0;0;0;0;0;1;5;3;0;0;1;0;0;2;1;0;1;10;0;1;2;1;0;0;0;0;0;0;0;0;0;0;0;0;0;0;0;0;0;0;0;0;0;0;0;0;0;0;0;0;0;0;3;0;5;0;0;1;1;0;0;5;0;0;0;1;0;1;0;0;1;4;1;0;0;0;0;1;0;2;6;3;5;4
SIRIA;ASIA;4;6;2;4;5;3;0;2;1;1;2;6;5;6;4;1;0;4;2;1;1;4;1;3;6;2;0;2;4;3;1;0;3;0;8;6;9;1;8;3;5;2;4;4;6;2;2;3;7;1;7;8;2;3;2;0;1;7;5;6;4;5;2;2;8;4;3;2;11;10;4;9;4;9;10;9;3;5;11;6;10;46;11;13;10;7;15;14;9;6;3;15;24;10;10;23;12;4;21;7;16;5;9;30;13;16;16;17;23;13;10;11;9;8;8;8;12;10;12;21;8;2;5;6;3;2;7;0;2;2;2;3;4;8;1;0;0;0;0;0;0;0;1;0;0;0;0;0;0;0;0;0;0;3;0;1;0;2;2;0;3;0;1;0;1;1;8;1;3;5;1;1;2;1;2;1;3;3;3;1;2;1;4;1;3;5;7;0;4;1;2;3;2;3;9;4
YEMEN;ASIA;1;0;0;0;1;0;0;0;0;0;0;2;0;0;0;0;1;0;0;0;0;0;0;0;1;0;3;0;0;0;0;0;0;1;1;0;0;0;1;1;0;0;0;0;0;0;1;0;0;1;0;0;0;0;1;0;2;0;3;4;0;0;1;0;0;0;0;46;1;0;6;0;1;0;0;0;0;0;0;0;0;0;0;1;0;0;0;0;0;1;0;0;0;0;3;1;2;0;1;0;0;3;2;0;0;0;1;0;0;3;0;0;2;0;1;1;0;1;1;0;0;0;1;2;0;0;0;1;0;1;1;1;3;1;0;0;0;0;0;0;0;0;0;0;0;0;0;0;0;0;0;0;0;0;0;0;0;0;0;0;0;1;0;0;0;0;0;1;0;2;0;1;0;0;0;0;0;0;0;0;0;1;0;1;1;0;0;0;0;0;1;1;1;0;0;0
O. MEDIO ORIENTE;ASIA;6;8;4;1;5;2;2;16;1;17;14;2;4;1;2;3;3;1;1;0;1;1;1;7;10;8;1;1;0;1;0;0;0;3;6;15;3;4;2;10;2;3;4;5;1;21;2;9;5;4;8;3;4;8;0;1;2;9;2;12;7;3;1;3;8;5;2;1;2;9;5;6;8;3;2;0;2;3;4;1;2;10;0;8;27;2;9;5;2;3;4;6;3;4;9;12;12;6;14;1;6;1;5;19;4;10;9;6;8;3;4;6;10;5;5;12;6;2;2;7;7;2;27;2;2;5;2;7;0;12;9;5;1;3;0;0;0;0;0;0;0;0;0;1;0;0;0;0;0;0;0;0;0;0;0;1;1;1;3;1;1;3;1;1;1;5;3;1;3;0;5;1;0;4;0;4;3;1;2;7;3;4;3;1;1;1;2;2;0;16;5;3;2;3;3;27
AUSTRALIA;OCEANIA;3.277;3.097;3.380;2.965;2.037;1.870;1.990;2.243;2.881;2.911;3.608;3.342;3.101;2.698;2.780;2.441;1.974;1.830;1.649;1.824;2.690;2.954;3.525;3.228;2.845;2.945;3.162;2.788;2.263;1.703;1.733;1.696;2.298;2.681;3.627;3.364;3.935;3.024;3.791;3.977;3.137;3.115;2.728;2.892;3.802;4.135;4.385;4.420;4.396;3.678;4.754;3.698;3.028;2.566;3.191;2.775;4.066;4.022;4.633;4.136;4.026;3.825;4.329;3.806;3.613;3.431;3.651;2.711;3.963;4.545;4.233;4.578;4.486;3.343;3.872;3.722;3.354;2.997;2.821;3.105;4.045;4.732;4.525;5.008;5.776;5.147;4.603;3.929;2.928;3.108;3.016;3.012;4.268;5.077;5.336;4.768;5.471;4.907;4.453;3.896;3.116;2.821;3.274;3.472;4.239;5.165;5.274;5.890;6.321;4.732;4.730;4.229;3.246;2.545;2.983;2.929;4.407;4.998;5.665;5.868;6.713;4.500;4.870;4.498;3.197;2.852;2.932;2.690;4.201;5.268;4.473;5.446;6.618;4.317;2.787;0;0;0;0;0;0;0;9;19;16;17;8;0;0;0;0;0;0;11;40;54;63;92;230;294;328;310;444;458;681;1.145;2.094;2.252;2.749;2.349;2.321;1.870;1.365;1.272;1.327;1.291;2.243;2.862;3.420;3.556;4.250;3.483;3.399;2.960;2.098;1.630;1.604;1.820;2.627;3.630;4.151;4.232;4.848;3.867;3.653;3.101
NUEVA ZELANDIA;OCEANIA;815;621;837;782;566;537;632;541;733;958;920;792;746;537;606;811;625;607;648;616;857;723;807;737;708;669;753;798;653;546;572;606;483;648;715;644;579;466;744;851;571;669;611;598;964;1.005;813;791;795;694;1.060;1.100;694;671;669;697;923;894;934;719;778;657;892;792;879;711;855;801;1.205;983;996;953;868;645;889;777;739;675;692;649;818;896;1.026;942;953;791;894;766;610;598;782;725;840;1.031;960;1.041;900;733;830;953;794;559;782;807;937;1.053;970;1.020;1.014;657;889;939;686;722;727;685;1.043;1.016;1.201;1.125;1.020;655;1.024;1.128;888;670;781;755;1.081;1.047;913;935;996;540;437;0;0;0;0;0;0;0;4;5;8;4;9;0;0;0;0;0;0;7;17;18;32;35;38;116;116;135;192;270;379;437;662;701;725;432;544;625;401;380;462;396;800;768;824;799;745;567;718;870;629;444;526;527;709;884;1.064;945;926;809;845;867
SAMOA;OCEANIA;1;0;0;0;0;0;0;0;0;0;0;0;0;0;1;0;0;0;0;1;1;0;1;1;0;0;0;0;0;0;0;0;0;0;0;0;5;0;0;0;0;0;0;0;0;0;0;0;0;0;1;0;1;0;0;0;0;0;0;0;0;0;0;0;0;0;0;0;0;0;1;0;2;0;2;0;0;0;1;0;0;0;0;0;0;0;1;1;0;0;0;0;0;0;2;0;1;0;0;0;0;0;0;0;0;1;1;0;1;0;1;1;0;0;0;1;0;0;0;0;0;0;0;0;0;1;0;0;0;0;0;0;0;0;0;0;0;0;0;0;0;0;0;0;0;0;0;0;0;0;0;0;0;0;0;0;0;0;0;0;0;0;0;0;0;0;1;0;0;0;0;0;0;0;0;0;0;0;0;0;0;0;0;0;0;0;0;0;0;0;3;1;1;0;0;0
TUVALU;OCEANIA;0;0;0;0;0;0;0;0;0;0;0;0;0;0;0;0;0;0;0;0;0;0;0;0;0;0;0;0;0;0;0;0;0;0;0;0;0;0;0;0;0;0;0;0;0;0;0;0;0;0;0;0;0;0;0;0;0;0;0;0;0;0;0;0;0;0;0;0;0;0;0;0;0;0;2;0;0;0;0;0;0;0;0;0;0;0;0;0;0;0;0;0;0;0;0;0;0;0;0;0;0;0;0;0;0;0;0;0;0;0;0;0;0;0;0;0;0;0;0;0;0;0;0;0;0;0;0;0;0;0;0;0;0;0;0;0;0;0;0;0;0;0;0;0;0;0;0;0;0;0;0;0;0;0;0;0;0;0;0;0;0;0;0;0;0;0;0;0;0;0;0;0;0;0;0;0;0;0;0;0;0;0;0;1;0;0;0;0;0;0;0;0;0;0;0;0
O. OCEANIA;OCEANIA;1;8;5;7;13;10;1;2;0;8;2;177;4;4;4;6;2;8;7;10;25;2;4;0;7;2;6;5;0;2;7;4;2;4;8;7;9;2;5;3;3;7;1;2;5;12;24;12;7;3;3;6;37;1;2;7;4;1;7;4;6;1;4;0;3;9;4;2;4;2;1;1;4;1;1;0;2;1;4;3;2;8;0;1;7;7;2;5;6;7;40;12;8;8;9;8;18;9;6;2;2;2;7;9;5;9;3;7;14;4;8;14;14;8;12;4;6;6;5;4;10;20;18;2;18;20;11;37;20;18;3;12;7;33;6;0;0;0;0;0;0;0;0;1;0;1;0;0;0;0;0;0;0;0;0;0;0;0;0;2;1;1;3;40;3;4;5;1;8;1;8;3;7;7;2;9;9;2;4;4;14;5;7;16;11;22;8;7;11;10;7;7;11;8;12;5
O. MUNDO;;14;4;4;2;13;1;6;1;7;2;3;8;7;3;2;4;1;4;0;2;18;3;2;11;25;4;6;12;3;14;4;9;8;29;23;3;26;19;14;8;12;1;17;7;34;41;9;12;0;34;6;6;3;1;1;6;2;4;12;13;15;4;6;2;1;2;0;10;6;0;0;2;1;0;0;2;3;1;0;0;1;1;0;1;1;0;1;2;0;1;3;0;0;1;0;0;2;5;1;0;1;0;1;4;0;1;1;1;7;0;2;0;0;0;0;0;1;2;2;3;5;1;0;0;3;8;4;2;0;23;0;3;5;3;16;0;0;0;0;0;0;0;0;0;2;0;0;0;0;0;0;0;0;0;2;9;0;1;12;2;2;0;0;1;2;12;16;14;10;20;3;12;0;0;1;3;2;12;16;17;14;10;8;5;3;2;12;5;1;3;7;5;6;21;11;7
CHILE;;12.263;16.443;10.040;8.568;8.213;6.523;8.640;8.037;10.223;10.511;9.839;12.394;14.284;19.724;9.998;9.293;9.873;7.899;9.763;8.854;11.390;11.662;11.152;12.414;15.288;21.592;12.219;10.818;10.024;8.118;13.082;9.343;11.655;12.433;11.106;7.385;15.241;21.572;13.102;11.477;11.001;9.223;12.218;10.799;15.126;12.875;14.261;13.511;15.938;22.438;15.971;11.074;11.880;10.668;13.673;12.217;15.082;13.102;14.754;14.597;20.438;26.626;15.483;12.855;13.103;11.351;14.051;11.793;14.651;14.244;14.248;16.096;20.623;27.033;14.631;13.389;14.209;11.225;14.833;12.458;15.523;15.388;14.535;16.943;19.328;26.505;16.145;13.325;12.631;12.631;15.171;13.347;14.745;15.734;15.500;16.663;18.587;24.646;16.223;13.414;13.041;11.645;14.955;11.558;15.100;15.753;14.480;17.140;18.738;25.320;16.852;13.790;14.834;11.416;17.213;15.315;24.260;17.322;19.744;17.618;18.633;25.352;17.381;14.441;15.467;13.052;16.126;14.660;18.824;14.173;16.638;15.987;18.750;25.794;11.629;0;0;0;0;0;0;0;1.541;2.463;2.342;2.637;2.234;0;0;0;0;0;0;3.670;5.360;5.906;7.028;8.784;8.175;7.049;10.823;9.888;11.623;11.471;13.565;15.103;16.302;16.269;20.704;30.678;20.306;19.558;23.108;16.835;20.537;17.170;20.742;24.923;23.772;24.398;25.250;36.141;22.024;15.053;15.043;13.784;17.660;15.106;20.241;18.320;20.340;19.603;22.247;28.107;17.718;14.370
Total general;;432.572;304.527;236.281;215.869;157.826;139.880;171.158;160.886;175.767;211.534;235.677;317.718;441.145;290.121;190.456;180.555;170.618;142.796;195.843;188.316;196.116;234.495;255.859;314.317;429.789;305.579;296.141;231.246;190.575;171.328;224.604;197.464;216.102;250.271;277.075;347.111;490.501;387.115;300.258;278.427;218.722;192.208;261.328;249.743;241.553;264.854;299.242;370.328;484.503;350.251;356.288;252.000;210.616;197.421;258.355;252.228;240.671;290.725;308.510;374.636;490.976;354.125;333.977;254.063;228.542;193.004;270.426;251.258;244.717;302.173;312.854;438.276;560.655;432.415;370.776;313.408;263.887;284.005;331.061;294.748;300.488;360.330;401.287;565.276;730.786;599.445;510.732;374.190;320.357;301.805;440.925;370.845;403.192;456.322;474.278;657.823;964.027;709.043;521.123;469.626;357.953;322.568;491.167;480.158;442.503;481.782;517.243;692.690;893.326;683.023;574.260;436.258;329.515;281.417;409.798;372.443;351.607;369.372;463.974;557.935;625.376;436.778;454.800;377.684;306.465;299.955;376.029;322.858;288.537;306.142;292.215;431.123;509.059;399.782;168.261;0;0;0;0;0;0;0;8.732;33.260;22.378;20.491;22.744;0;0;0;0;0;0;16.351;35.944;72.114;69.735;70.275;81.230;95.731;123.335;127.118;169.642;174.068;203.519;254.828;284.050;376.948;477.512;351.802;307.706;268.647;224.443;202.720;267.828;256.058;255.732;330.673;347.754;439.632;506.231;419.183;451.176;395.615;335.372;281.837;460.267;397.988;381.702;456.569;505.550;647.743;846.821;648.904;535.489;465.080
